LEAD_ID,AGE,INCOME_BRACKET,MEDIA_CHANNEL,MARKET_SHARE_TIER,WHOLESALE_PRICING_INDEX,CAMPAIGN_GROUP,TRUE_CONVERSION_Y,RF_PREDICTION,DL_PROBABILITY_SCORE,DL_PREDICTION
LEAD_000000,56,Low,website_ad,regional,68.14,Spring_Blast,1,1,0.2889,0
LEAD_000001,69,Medium,website_ad,regional,100.31,Spring_Blast,0,0,0.178,0
LEAD_000002,46,Medium,website_ad,regional,137.59,Spring_Blast,0,0,0.1411,0
LEAD_000003,32,Low,tv_commercial,regional,311.56,Q1_Promo,0,0,0.1556,0
LEAD_000004,60,Low,streaming_commercial,regional,129.82,Holiday_Special,0,0,0.1974,0
LEAD_000005,25,Medium,tv_commercial,global,132.5,Spring_Blast,0,0,0.0994,0
LEAD_000006,38,Low,website_ad,domestic,233.01,Holiday_Special,0,0,0.1557,0
LEAD_000007,56,Medium,streaming_commercial,global,340.25,Q1_Promo,1,0,0.1537,0
LEAD_000008,36,Medium,streaming_commercial,regional,190.43,Spring_Blast,0,0,0.1136,0
LEAD_000009,40,Medium,radio_ad,global,220.77,Q1_Promo,0,0,0.1898,0
LEAD_000010,28,Medium,radio_ad,domestic,414.33,Q1_Promo,0,0,0.106,0
LEAD_000012,41,Low,radio_ad,regional,180.63,Q1_Promo,1,1,0.2182,0
LEAD_000013,70,High,website_ad,regional,494.61,Holiday_Special,0,0,0.2166,0
LEAD_000014,53,High,unknown,regional,133.74,Q1_Promo,0,0,0.2368,0
LEAD_000015,57,Medium,tv_commercial,regional,344.04,Spring_Blast,1,1,0.1454,0
LEAD_000016,41,Medium,streaming_commercial,global,430.64,Holiday_Special,0,0,0.0861,0
LEAD_000017,20,Medium,tv_commercial,regional,112.67,Spring_Blast,0,0,0.1194,0
LEAD_000018,39,High,tv_commercial,regional,305.95,Spring_Blast,0,0,0.1837,0
LEAD_000019,70,Medium,website_ad,global,420.8,Q1_Promo,0,0,0.1899,0
LEAD_000020,19,High,streaming_commercial,regional,467.47,Holiday_Special,1,0,0.0941,0
LEAD_000021,41,Medium,radio_ad,regional,232.77,Holiday_Special,0,0,0.1335,0
LEAD_000022,61,Medium,website_ad,regional,278.47,Spring_Blast,0,1,0.1819,0
LEAD_000023,47,Medium,website_ad,domestic,431.64,Spring_Blast,0,0,0.0641,0
LEAD_000025,19,Medium,radio_ad,regional,311.71,Holiday_Special,0,0,0.1106,0
LEAD_000026,38,Medium,website_ad,domestic,362.1,Spring_Blast,0,0,0.0601,0
LEAD_000027,50,High,website_ad,domestic,417.78,Q1_Promo,0,0,0.1541,0
LEAD_000028,29,High,radio_ad,regional,113.55,Q1_Promo,0,0,0.2453,0
LEAD_000029,39,Low,website_ad,domestic,441.19,Holiday_Special,0,0,0.1133,0
LEAD_000030,61,Medium,streaming_commercial,regional,242.79,Q1_Promo,0,0,0.1372,0
LEAD_000031,42,High,website_ad,regional,173.3,Spring_Blast,0,0,0.1673,0
LEAD_000032,66,Low,streaming_commercial,regional,482.35,Spring_Blast,0,0,0.2345,0
LEAD_000033,44,Medium,website_ad,regional,147.86,Spring_Blast,0,0,0.135,0
LEAD_000034,59,Low,streaming_commercial,regional,349.11,Holiday_Special,0,1,0.2533,0
LEAD_000035,45,Low,streaming_commercial,regional,393.97,Spring_Blast,0,1,0.2725,0
LEAD_000036,33,High,unknown,regional,173.05,Q1_Promo,0,0,0.2317,0
LEAD_000037,32,Medium,website_ad,regional,223.79,Q1_Promo,0,0,0.1039,0
LEAD_000038,64,Medium,tv_commercial,global,255.53,Holiday_Special,1,0,0.172,0
LEAD_000039,68,Low,radio_ad,domestic,435.16,Q1_Promo,0,1,0.2205,0
LEAD_000040,61,Low,website_ad,regional,217.21,Spring_Blast,1,1,0.3001,0
LEAD_000041,72,High,streaming_commercial,domestic,477.08,Spring_Blast,0,0,0.0659,0
LEAD_000043,74,Low,tv_commercial,regional,406.19,Spring_Blast,0,0,0.2342,0
LEAD_000044,20,Ultra,streaming_commercial,global,177.07,Holiday_Special,1,1,0.1257,0
LEAD_000045,54,Medium,website_ad,regional,257.36,Holiday_Special,0,0,0.1366,0
LEAD_000046,68,Medium,streaming_commercial,regional,212.93,Spring_Blast,0,0,0.1512,0
LEAD_000047,24,Medium,website_ad,regional,482.47,Holiday_Special,0,0,0.054,0
LEAD_000048,38,Low,streaming_commercial,regional,147.17,Q1_Promo,0,0,0.16,0
LEAD_000049,26,Medium,website_ad,regional,400.93,Spring_Blast,1,0,0.074,0
LEAD_000050,56,Medium,tv_commercial,regional,158.92,Holiday_Special,0,0,0.1239,0
LEAD_000051,35,Low,website_ad,regional,359.29,Spring_Blast,0,0,0.1817,0
LEAD_000052,21,Medium,streaming_commercial,regional,203.19,Spring_Blast,0,0,0.0963,0
LEAD_000053,42,Medium,streaming_commercial,global,308.84,Spring_Blast,0,0,0.05,0
LEAD_000054,31,Medium,streaming_commercial,regional,294.12,Spring_Blast,0,0,0.1139,0
LEAD_000055,67,Low,website_ad,regional,491.11,Holiday_Special,0,0,0.2037,0
LEAD_000056,26,High,streaming_commercial,regional,144.31,Q1_Promo,0,0,0.1259,0
LEAD_000057,43,High,streaming_commercial,global,191.52,Spring_Blast,0,0,0.054,0
LEAD_000058,70,Low,streaming_commercial,regional,156.07,Spring_Blast,1,1,0.2743,0
LEAD_000059,19,High,radio_ad,regional,293.45,Holiday_Special,0,0,0.1557,0
LEAD_000060,37,Medium,website_ad,regional,295.03,Q1_Promo,0,0,0.1058,0
LEAD_000061,45,Medium,website_ad,domestic,393.55,Q1_Promo,0,0,0.1066,0
LEAD_000062,64,High,radio_ad,global,421.68,Spring_Blast,0,0,0.0953,0
LEAD_000063,24,Low,website_ad,domestic,375.2,Spring_Blast,0,0,0.0703,0
LEAD_000064,61,Low,streaming_commercial,global,282.01,Q1_Promo,0,0,0.1043,0
LEAD_000065,25,Low,website_ad,regional,394.48,Holiday_Special,0,0,0.1212,0
LEAD_000066,64,Medium,streaming_commercial,global,138.66,Spring_Blast,0,0,0.0739,0
LEAD_000067,52,Medium,unknown,regional,59.36,Holiday_Special,0,0,0.1101,0
LEAD_000069,34,Low,radio_ad,regional,186.27,Spring_Blast,0,1,0.2598,0
LEAD_000070,53,Medium,website_ad,domestic,169.96,Holiday_Special,0,0,0.1556,0
LEAD_000071,67,Low,unknown,regional,309.23,Spring_Blast,1,1,0.1911,0
LEAD_000072,57,Medium,website_ad,regional,122.79,Holiday_Special,0,0,0.142,0
LEAD_000073,21,Low,streaming_commercial,regional,188.54,Spring_Blast,0,0,0.161,0
LEAD_000075,23,High,website_ad,regional,140.42,Holiday_Special,0,0,0.1848,0
LEAD_000076,71,Low,streaming_commercial,regional,467.51,Holiday_Special,0,0,0.1505,0
LEAD_000077,59,Medium,website_ad,domestic,472.78,Spring_Blast,0,0,0.0926,0
LEAD_000078,21,High,radio_ad,regional,128.35,Holiday_Special,0,0,0.2323,0
LEAD_000079,71,High,website_ad,domestic,219.29,Holiday_Special,0,0,0.1494,0
LEAD_000080,46,Medium,radio_ad,regional,452.26,Spring_Blast,0,0,0.1128,0
LEAD_000081,35,Medium,tv_commercial,regional,69.93,Q1_Promo,1,1,0.18,0
LEAD_000082,43,Medium,tv_commercial,regional,197.38,Q1_Promo,0,0,0.1345,0
LEAD_000083,61,Medium,radio_ad,domestic,327.77,Q1_Promo,0,1,0.2784,0
LEAD_000084,51,Medium,website_ad,domestic,293.7,Spring_Blast,0,0,0.0978,0
LEAD_000085,27,Medium,website_ad,regional,150.62,Q1_Promo,0,0,0.1288,0
LEAD_000086,53,Medium,streaming_commercial,global,267.06,Spring_Blast,0,0,0.0625,0
LEAD_000087,31,Low,website_ad,global,318.74,Holiday_Special,0,0,0.0833,0
LEAD_000088,48,Low,website_ad,regional,196.71,Spring_Blast,0,1,0.2764,0
LEAD_000089,65,High,website_ad,global,434.46,Holiday_Special,0,0,0.0778,0
LEAD_000090,32,Ultra,website_ad,global,439.84,Q1_Promo,0,0,0.1319,0
LEAD_000091,25,Medium,website_ad,regional,322.32,Holiday_Special,0,0,0.0815,0
LEAD_000093,40,High,website_ad,regional,397.89,Holiday_Special,0,0,0.1767,0
LEAD_000096,38,Low,tv_commercial,regional,453.7,Spring_Blast,0,0,0.1689,0
LEAD_000097,33,Medium,unknown,global,403.6,Q1_Promo,0,0,0.1597,0
LEAD_000098,62,Medium,website_ad,domestic,170.87,Spring_Blast,0,0,0.1451,0
LEAD_000099,35,High,radio_ad,domestic,282.63,Holiday_Special,0,0,0.1972,0
LEAD_000100,64,Medium,website_ad,regional,252.83,Holiday_Special,0,0,0.1597,0
LEAD_000105,62,Low,website_ad,global,483.29,Q1_Promo,1,1,0.1785,0
LEAD_000106,58,Medium,streaming_commercial,global,480.0,Spring_Blast,0,0,0.0647,0
LEAD_000107,46,High,streaming_commercial,regional,250.32,Holiday_Special,0,0,0.1857,0
LEAD_000108,32,Low,streaming_commercial,regional,223.19,Spring_Blast,0,1,0.2218,0
LEAD_000110,18,Low,streaming_commercial,global,442.48,Q1_Promo,0,0,0.0557,0
LEAD_000111,42,High,streaming_commercial,domestic,445.2,Holiday_Special,0,0,0.0825,0
LEAD_000112,24,Low,tv_commercial,domestic,180.31,Holiday_Special,0,0,0.1189,0
LEAD_000113,26,Low,website_ad,domestic,125.1,Holiday_Special,0,0,0.1332,0
LEAD_000114,41,Low,website_ad,domestic,467.37,Q1_Promo,0,0,0.0957,0
LEAD_000115,18,Low,tv_commercial,global,408.19,Spring_Blast,0,0,0.0925,0
LEAD_000117,25,High,website_ad,global,151.34,Spring_Blast,0,0,0.0316,0
LEAD_000118,41,Medium,tv_commercial,global,187.25,Holiday_Special,0,0,0.1511,0
LEAD_000119,28,Low,website_ad,global,460.78,Holiday_Special,0,0,0.0641,0
LEAD_000120,68,High,radio_ad,domestic,258.99,Q1_Promo,0,0,0.2558,0
LEAD_000121,34,High,streaming_commercial,global,131.16,Q1_Promo,0,0,0.0787,0
LEAD_000123,52,Low,streaming_commercial,global,481.21,Q1_Promo,0,0,0.0905,0
LEAD_000124,52,Ultra,website_ad,regional,103.28,Spring_Blast,0,0,0.1398,0
LEAD_000125,50,Medium,streaming_commercial,domestic,301.8,Holiday_Special,0,0,0.1724,0
LEAD_000126,22,High,streaming_commercial,domestic,221.44,Q1_Promo,0,0,0.0842,0
LEAD_000129,58,Medium,radio_ad,domestic,175.92,Holiday_Special,1,1,0.235,0
LEAD_000130,45,High,website_ad,regional,88.93,Q1_Promo,1,1,0.2231,0
LEAD_000131,24,Ultra,streaming_commercial,global,478.97,Q1_Promo,0,0,0.0973,0
LEAD_000132,26,Low,radio_ad,regional,426.93,Q1_Promo,0,0,0.1112,0
LEAD_000134,29,Medium,website_ad,global,238.32,Holiday_Special,0,0,0.0646,0
LEAD_000135,51,High,streaming_commercial,global,103.77,Spring_Blast,0,0,0.056,0
LEAD_000136,50,Medium,tv_commercial,domestic,277.02,Spring_Blast,0,0,0.1477,0
LEAD_000138,72,Medium,radio_ad,domestic,232.48,Spring_Blast,0,0,0.2308,0
LEAD_000139,40,Low,website_ad,domestic,67.52,Spring_Blast,1,1,0.1589,0
LEAD_000140,41,Low,streaming_commercial,domestic,287.53,Holiday_Special,0,0,0.1178,0
LEAD_000141,54,Low,website_ad,global,378.06,Holiday_Special,0,0,0.1001,0
LEAD_000142,52,Medium,streaming_commercial,regional,65.39,Q1_Promo,0,0,0.1058,0
LEAD_000143,61,High,tv_commercial,regional,94.95,Q1_Promo,0,0,0.1876,0
LEAD_000144,57,Medium,streaming_commercial,domestic,302.1,Holiday_Special,1,0,0.1972,0
LEAD_000145,39,Medium,website_ad,regional,311.77,Spring_Blast,0,0,0.1184,0
LEAD_000146,44,High,streaming_commercial,global,370.04,Q1_Promo,0,0,0.0815,0
LEAD_000147,52,High,radio_ad,regional,204.58,Holiday_Special,0,1,0.2101,0
LEAD_000148,18,Medium,website_ad,regional,403.26,Holiday_Special,0,0,0.0562,0
LEAD_000149,52,Low,website_ad,regional,384.54,Q1_Promo,0,1,0.1932,0
LEAD_000152,31,Medium,website_ad,regional,383.7,Q1_Promo,0,0,0.0734,0
LEAD_000153,20,Medium,radio_ad,regional,94.02,Q1_Promo,1,1,0.22,0
LEAD_000154,18,Medium,streaming_commercial,regional,336.25,Holiday_Special,0,0,0.0782,0
LEAD_000155,22,High,website_ad,regional,496.41,Spring_Blast,0,0,0.052,0
LEAD_000156,43,High,website_ad,regional,438.05,Spring_Blast,0,0,0.1287,0
LEAD_000157,72,Ultra,streaming_commercial,regional,197.05,Q1_Promo,0,0,0.1218,0
LEAD_000158,31,High,website_ad,domestic,192.88,Holiday_Special,0,0,0.1087,0
LEAD_000159,56,Low,streaming_commercial,domestic,187.92,Holiday_Special,0,0,0.1213,0
LEAD_000160,44,Low,streaming_commercial,domestic,73.34,Q1_Promo,0,0,0.0955,0
LEAD_000161,26,Medium,streaming_commercial,domestic,307.47,Spring_Blast,0,0,0.0564,0
LEAD_000162,32,Medium,streaming_commercial,regional,418.38,Q1_Promo,0,0,0.0754,0
LEAD_000163,32,Medium,radio_ad,regional,144.21,Holiday_Special,0,0,0.1958,0
LEAD_000164,43,Low,website_ad,regional,64.28,Holiday_Special,0,0,0.2276,0
LEAD_000165,59,High,website_ad,regional,164.44,Holiday_Special,0,1,0.2084,0
LEAD_000166,30,Medium,unknown,regional,432.46,Q1_Promo,0,0,0.1117,0
LEAD_000167,68,High,streaming_commercial,regional,167.85,Holiday_Special,0,0,0.1409,0
LEAD_000168,49,Medium,website_ad,regional,355.47,Spring_Blast,0,0,0.1475,0
LEAD_000169,56,Low,tv_commercial,regional,51.93,Q1_Promo,0,0,0.2018,0
LEAD_000170,66,Low,tv_commercial,regional,141.55,Spring_Blast,0,1,0.2893,0
LEAD_000171,69,Low,streaming_commercial,regional,421.77,Q1_Promo,0,0,0.1703,0
LEAD_000172,49,Low,website_ad,regional,347.39,Holiday_Special,0,1,0.2317,0
LEAD_000173,21,Medium,website_ad,regional,56.28,Spring_Blast,0,0,0.1218,0
LEAD_000174,47,Low,streaming_commercial,domestic,157.78,Holiday_Special,0,0,0.1069,0
LEAD_000175,54,High,website_ad,domestic,212.14,Q1_Promo,0,0,0.2202,0
LEAD_000176,40,Low,tv_commercial,domestic,111.27,Spring_Blast,0,0,0.164,0
LEAD_000178,62,High,website_ad,regional,124.36,Spring_Blast,0,0,0.2075,0
LEAD_000180,60,Medium,radio_ad,regional,425.25,Q1_Promo,1,0,0.1458,0
LEAD_000182,53,Low,website_ad,domestic,356.06,Spring_Blast,1,1,0.1685,0
LEAD_000184,49,Medium,streaming_commercial,regional,187.52,Spring_Blast,0,0,0.1363,0
LEAD_000186,68,Medium,website_ad,domestic,256.63,Q1_Promo,0,0,0.2188,0
LEAD_000187,39,High,website_ad,domestic,133.02,Q1_Promo,0,0,0.1845,0
LEAD_000189,19,High,tv_commercial,domestic,76.62,Holiday_Special,1,1,0.1951,0
LEAD_000190,59,Low,website_ad,regional,369.29,Spring_Blast,0,1,0.2517,0
LEAD_000191,62,High,radio_ad,domestic,81.01,Spring_Blast,0,0,0.1755,0
LEAD_000192,74,High,website_ad,regional,87.56,Spring_Blast,1,1,0.2218,0
LEAD_000193,70,Low,website_ad,regional,480.8,Spring_Blast,0,0,0.2257,0
LEAD_000194,23,High,streaming_commercial,domestic,228.99,Spring_Blast,0,0,0.0616,0
LEAD_000198,61,Ultra,website_ad,regional,137.59,Holiday_Special,0,0,0.1243,0
LEAD_000201,28,Medium,streaming_commercial,regional,219.41,Spring_Blast,0,0,0.1067,0
LEAD_000202,72,Low,website_ad,domestic,183.24,Q1_Promo,0,1,0.2334,0
LEAD_000203,45,Medium,streaming_commercial,domestic,382.01,Spring_Blast,0,0,0.0823,0
LEAD_000204,42,Medium,radio_ad,regional,277.4,Q1_Promo,0,0,0.1221,0
LEAD_000205,56,Medium,radio_ad,regional,325.79,Spring_Blast,0,1,0.1625,0
LEAD_000206,50,Medium,website_ad,regional,129.09,Holiday_Special,0,0,0.1308,0
LEAD_000207,18,High,website_ad,domestic,98.92,Q1_Promo,0,0,0.1351,0
LEAD_000208,74,Medium,website_ad,regional,302.8,Spring_Blast,0,1,0.212,0
LEAD_000209,44,High,website_ad,regional,264.68,Q1_Promo,0,0,0.1957,0
LEAD_000210,74,Medium,radio_ad,global,326.72,Q1_Promo,1,1,0.2387,0
LEAD_000211,69,High,website_ad,global,282.29,Spring_Blast,0,0,0.0669,0
LEAD_000212,30,Low,streaming_commercial,global,296.35,Q1_Promo,0,0,0.0852,0
LEAD_000215,56,High,streaming_commercial,global,201.7,Spring_Blast,0,0,0.0598,0
LEAD_000216,23,Low,website_ad,regional,53.52,Spring_Blast,0,0,0.153,0
LEAD_000218,44,Medium,radio_ad,global,152.71,Q1_Promo,0,0,0.1874,0
LEAD_000221,50,Medium,radio_ad,regional,294.09,Q1_Promo,0,0,0.1177,0
LEAD_000225,41,High,website_ad,regional,137.24,Holiday_Special,0,0,0.183,0
LEAD_000227,71,Medium,streaming_commercial,regional,153.84,Holiday_Special,1,0,0.128,0
LEAD_000229,49,Low,tv_commercial,regional,147.96,Holiday_Special,0,1,0.2353,0
LEAD_000230,41,Medium,website_ad,regional,121.13,Spring_Blast,0,0,0.1292,0
LEAD_000231,58,Low,streaming_commercial,regional,258.37,Spring_Blast,0,1,0.3187,0
LEAD_000232,69,High,tv_commercial,regional,169.31,Spring_Blast,0,0,0.1949,0
LEAD_000233,66,Ultra,radio_ad,domestic,273.21,Holiday_Special,0,0,0.1111,0
LEAD_000234,66,High,streaming_commercial,global,474.55,Holiday_Special,0,0,0.0557,0
LEAD_000235,69,Medium,tv_commercial,domestic,232.58,Holiday_Special,0,0,0.1604,0
LEAD_000237,56,High,tv_commercial,global,145.16,Q1_Promo,0,0,0.1791,0
LEAD_000238,19,Medium,tv_commercial,domestic,404.54,Holiday_Special,0,0,0.069,0
LEAD_000239,20,Medium,website_ad,global,234.95,Q1_Promo,0,0,0.0775,0
LEAD_000240,66,Medium,radio_ad,domestic,275.26,Holiday_Special,0,0,0.2914,0
LEAD_000242,66,Medium,tv_commercial,regional,185.43,Spring_Blast,0,0,0.1577,0
LEAD_000243,73,Medium,website_ad,regional,250.1,Spring_Blast,1,1,0.2065,0
LEAD_000244,34,Medium,website_ad,regional,420.24,Spring_Blast,0,0,0.0887,0
LEAD_000245,66,High,tv_commercial,regional,230.51,Spring_Blast,1,1,0.1973,0
LEAD_000246,19,Medium,streaming_commercial,regional,75.72,Spring_Blast,0,0,0.1015,0
LEAD_000248,45,Low,radio_ad,regional,72.06,Q1_Promo,0,1,0.2234,0
LEAD_000249,71,High,unknown,global,378.34,Spring_Blast,0,0,0.0273,0
LEAD_000250,40,Low,unknown,regional,371.56,Holiday_Special,0,0,0.1857,0
LEAD_000252,49,High,radio_ad,regional,278.17,Spring_Blast,0,1,0.2474,0
LEAD_000254,18,Medium,tv_commercial,global,285.79,Q1_Promo,0,0,0.0963,0
LEAD_000255,36,Low,website_ad,regional,225.83,Spring_Blast,0,0,0.2225,0
LEAD_000258,61,Low,tv_commercial,regional,157.94,Holiday_Special,1,1,0.2418,0
LEAD_000259,43,Medium,website_ad,global,300.19,Q1_Promo,0,0,0.1006,0
LEAD_000260,49,Medium,tv_commercial,regional,157.57,Q1_Promo,0,0,0.139,0
LEAD_000261,23,Medium,website_ad,domestic,224.38,Holiday_Special,0,0,0.0995,0
LEAD_000264,21,High,website_ad,domestic,163.98,Spring_Blast,0,0,0.05,0
LEAD_000265,72,Medium,website_ad,regional,126.08,Q1_Promo,1,1,0.207,0
LEAD_000267,73,Medium,streaming_commercial,regional,63.58,Q1_Promo,0,0,0.11,0
LEAD_000268,34,Medium,streaming_commercial,domestic,166.03,Spring_Blast,0,0,0.0746,0
LEAD_000269,55,Medium,website_ad,domestic,143.32,Q1_Promo,0,0,0.1692,0
LEAD_000271,22,Medium,streaming_commercial,regional,313.76,Holiday_Special,0,0,0.0882,0
LEAD_000273,51,Medium,radio_ad,regional,95.04,Holiday_Special,0,0,0.1615,0
LEAD_000275,39,Medium,radio_ad,regional,430.28,Q1_Promo,0,0,0.0832,0
LEAD_000276,28,Medium,tv_commercial,regional,308.45,Spring_Blast,0,0,0.1008,0
LEAD_000277,65,Medium,unknown,regional,484.01,Spring_Blast,0,0,0.167,0
LEAD_000278,33,Low,website_ad,domestic,189.26,Spring_Blast,0,0,0.119,0
LEAD_000281,23,Medium,tv_commercial,domestic,296.69,Spring_Blast,0,0,0.0686,0
LEAD_000282,33,Medium,tv_commercial,regional,118.13,Spring_Blast,0,0,0.1204,0
LEAD_000283,46,Low,website_ad,domestic,288.38,Spring_Blast,0,0,0.156,0
LEAD_000285,37,Low,streaming_commercial,domestic,70.37,Holiday_Special,0,0,0.0896,0
LEAD_000287,36,Medium,tv_commercial,global,333.8,Holiday_Special,0,0,0.1234,0
LEAD_000289,20,High,website_ad,regional,229.01,Q1_Promo,0,0,0.1151,0
LEAD_000290,36,Ultra,unknown,regional,136.3,Spring_Blast,0,0,0.1343,0
LEAD_000292,49,Low,streaming_commercial,regional,290.71,Holiday_Special,1,1,0.2978,0
LEAD_000293,24,Medium,unknown,regional,326.23,Q1_Promo,0,0,0.1546,0
LEAD_000294,69,High,radio_ad,regional,222.67,Q1_Promo,0,0,0.2503,0
LEAD_000295,58,Low,website_ad,domestic,214.13,Q1_Promo,1,1,0.2381,0
LEAD_000296,50,Medium,unknown,regional,463.93,Q1_Promo,0,0,0.1549,0
LEAD_000298,56,Medium,unknown,regional,180.92,Spring_Blast,0,0,0.1499,0
LEAD_000299,35,Low,radio_ad,domestic,346.73,Spring_Blast,1,1,0.1853,0
LEAD_000300,57,High,website_ad,regional,196.09,Q1_Promo,0,1,0.2793,0
LEAD_000302,28,Low,radio_ad,global,384.09,Q1_Promo,0,0,0.1052,0
LEAD_000304,74,Low,radio_ad,domestic,467.97,Q1_Promo,1,1,0.2366,0
LEAD_000305,42,Medium,website_ad,regional,424.96,Spring_Blast,0,0,0.1113,0
LEAD_000306,67,Medium,unknown,global,384.16,Holiday_Special,0,0,0.0917,0
LEAD_000307,40,Low,streaming_commercial,domestic,175.75,Holiday_Special,0,0,0.1025,0
LEAD_000308,48,Medium,radio_ad,domestic,461.21,Spring_Blast,0,0,0.1529,0
LEAD_000309,47,Medium,streaming_commercial,domestic,342.7,Holiday_Special,1,0,0.1656,0
LEAD_000310,59,Medium,streaming_commercial,regional,120.56,Holiday_Special,0,0,0.1177,0
LEAD_000311,52,Medium,website_ad,regional,242.84,Spring_Blast,1,1,0.153,0
LEAD_000312,24,Medium,radio_ad,regional,166.25,Spring_Blast,1,1,0.1593,0
LEAD_000313,33,Medium,streaming_commercial,domestic,279.7,Spring_Blast,0,0,0.0691,0
LEAD_000314,43,Medium,streaming_commercial,domestic,128.38,Holiday_Special,0,0,0.1372,0
LEAD_000315,65,Low,website_ad,domestic,425.57,Spring_Blast,0,0,0.1663,0
LEAD_000319,19,Low,radio_ad,domestic,256.69,Spring_Blast,0,0,0.1294,0
LEAD_000322,29,Low,website_ad,domestic,188.0,Q1_Promo,0,0,0.0974,0
LEAD_000323,22,Medium,website_ad,regional,485.14,Holiday_Special,0,0,0.0504,0
LEAD_000326,72,High,tv_commercial,domestic,206.76,Q1_Promo,0,0,0.1936,0
LEAD_000327,26,Medium,tv_commercial,global,428.73,Q1_Promo,0,0,0.0869,0
LEAD_000330,36,Low,streaming_commercial,domestic,110.52,Spring_Blast,0,0,0.1256,0
LEAD_000332,33,Medium,website_ad,domestic,252.31,Spring_Blast,0,0,0.0639,0
LEAD_000333,20,Low,unknown,domestic,165.72,Holiday_Special,0,0,0.1128,0
LEAD_000334,37,Ultra,website_ad,regional,243.65,Holiday_Special,0,0,0.1416,0
LEAD_000338,50,High,unknown,regional,307.87,Holiday_Special,0,0,0.1421,0
LEAD_000340,69,Medium,radio_ad,regional,155.99,Holiday_Special,0,0,0.1516,0
LEAD_000342,66,Low,website_ad,regional,131.72,Holiday_Special,0,1,0.2736,0
LEAD_000343,25,Low,streaming_commercial,domestic,339.77,Spring_Blast,0,0,0.0957,0
LEAD_000344,53,Low,streaming_commercial,domestic,115.85,Holiday_Special,0,0,0.1063,0
LEAD_000345,55,Low,unknown,regional,384.75,Holiday_Special,0,0,0.1544,0
LEAD_000346,57,High,radio_ad,global,106.71,Q1_Promo,1,1,0.1954,0
LEAD_000347,37,High,website_ad,regional,196.28,Holiday_Special,0,0,0.1912,0
LEAD_000349,65,Medium,website_ad,domestic,136.02,Holiday_Special,0,0,0.1804,0
LEAD_000353,46,Low,tv_commercial,regional,236.12,Spring_Blast,1,1,0.2665,0
LEAD_000354,35,Medium,website_ad,domestic,82.65,Spring_Blast,0,0,0.0893,0
LEAD_000355,63,Low,website_ad,domestic,64.72,Holiday_Special,0,0,0.177,0
LEAD_000356,35,High,website_ad,regional,277.7,Holiday_Special,0,0,0.174,0
LEAD_000358,71,Medium,website_ad,global,495.7,Holiday_Special,0,0,0.1114,0
LEAD_000363,50,High,streaming_commercial,regional,307.57,Spring_Blast,0,0,0.2051,0
LEAD_000366,31,Medium,radio_ad,domestic,270.46,Q1_Promo,0,0,0.1711,0
LEAD_000367,38,High,website_ad,regional,83.72,Q1_Promo,0,0,0.2052,0
LEAD_000369,37,Low,website_ad,domestic,82.39,Spring_Blast,0,0,0.1447,0
LEAD_000370,73,Low,website_ad,domestic,114.78,Spring_Blast,0,0,0.216,0
LEAD_000373,20,Low,tv_commercial,domestic,117.17,Holiday_Special,1,1,0.1314,0
LEAD_000378,68,High,unknown,regional,453.39,Holiday_Special,0,0,0.1133,0
LEAD_000380,72,Low,streaming_commercial,regional,484.34,Spring_Blast,0,0,0.2172,0
LEAD_000381,39,Medium,tv_commercial,regional,102.44,Holiday_Special,0,0,0.1671,0
LEAD_000384,55,Ultra,radio_ad,regional,479.0,Holiday_Special,0,0,0.1349,0
LEAD_000385,55,Low,website_ad,regional,276.68,Spring_Blast,0,1,0.2852,0
LEAD_000387,68,Low,tv_commercial,global,64.93,Spring_Blast,1,1,0.1619,0
LEAD_000391,44,Medium,tv_commercial,regional,137.65,Holiday_Special,0,0,0.1422,0
LEAD_000393,38,Medium,radio_ad,regional,143.6,Q1_Promo,0,0,0.1764,0
LEAD_000396,45,Medium,radio_ad,domestic,494.24,Spring_Blast,0,0,0.1312,0
LEAD_000399,22,Low,tv_commercial,global,392.82,Holiday_Special,0,0,0.1275,0
LEAD_000401,36,High,tv_commercial,regional,283.08,Spring_Blast,0,0,0.1776,0
LEAD_000402,21,Medium,radio_ad,regional,231.51,Spring_Blast,0,0,0.1323,0
LEAD_000406,61,Medium,tv_commercial,global,428.48,Holiday_Special,0,0,0.174,0
LEAD_000415,54,Low,tv_commercial,regional,92.86,Holiday_Special,0,1,0.225,0
LEAD_000416,41,High,streaming_commercial,regional,207.04,Holiday_Special,0,0,0.1815,0
LEAD_000418,66,Medium,website_ad,domestic,347.85,Spring_Blast,0,0,0.1414,0
LEAD_000419,63,High,tv_commercial,regional,308.7,Holiday_Special,0,0,0.166,0
LEAD_000421,48,Medium,website_ad,global,439.8,Q1_Promo,0,0,0.1095,0
LEAD_000422,52,Low,tv_commercial,domestic,482.13,Holiday_Special,0,0,0.1261,0
LEAD_000423,50,High,radio_ad,regional,343.93,Q1_Promo,0,0,0.1772,0
LEAD_000424,69,Low,website_ad,regional,361.98,Holiday_Special,1,1,0.2679,0
LEAD_000426,49,Low,radio_ad,global,150.31,Spring_Blast,0,0,0.1534,0
LEAD_000428,50,Low,streaming_commercial,regional,120.84,Holiday_Special,0,0,0.2179,0
LEAD_000429,20,Medium,streaming_commercial,global,486.98,Spring_Blast,0,0,0.029,0
LEAD_000430,35,Medium,unknown,domestic,229.0,Spring_Blast,0,0,0.1536,0
LEAD_000432,59,Medium,radio_ad,global,156.98,Spring_Blast,0,0,0.1258,0
LEAD_000436,57,Low,streaming_commercial,regional,238.7,Q1_Promo,0,1,0.1984,0
LEAD_000437,63,Medium,streaming_commercial,domestic,119.25,Spring_Blast,0,0,0.1238,0
LEAD_000439,67,Medium,tv_commercial,domestic,457.41,Holiday_Special,1,1,0.2453,0
LEAD_000440,49,Ultra,streaming_commercial,regional,73.65,Q1_Promo,0,0,0.1401,0
LEAD_000443,40,Medium,website_ad,regional,214.81,Q1_Promo,0,0,0.1227,0
LEAD_000444,19,Medium,website_ad,regional,399.94,Q1_Promo,0,0,0.0533,0
LEAD_000445,44,Low,tv_commercial,regional,79.65,Holiday_Special,0,1,0.2014,0
LEAD_000448,43,Low,streaming_commercial,regional,377.02,Q1_Promo,1,1,0.1941,0
LEAD_000449,34,Low,website_ad,regional,230.76,Holiday_Special,1,1,0.2137,0
LEAD_000450,57,High,streaming_commercial,regional,404.81,Holiday_Special,0,0,0.1761,0
LEAD_000452,26,Medium,radio_ad,regional,218.36,Holiday_Special,0,0,0.1575,0
LEAD_000454,71,Low,tv_commercial,regional,65.2,Spring_Blast,0,0,0.2739,0
LEAD_000455,65,Medium,streaming_commercial,domestic,238.01,Holiday_Special,0,0,0.1761,0
LEAD_000458,59,High,streaming_commercial,domestic,436.62,Q1_Promo,0,0,0.1378,0
LEAD_000459,72,Medium,tv_commercial,regional,69.86,Holiday_Special,0,0,0.1203,0
LEAD_000460,43,Low,radio_ad,domestic,403.59,Q1_Promo,0,0,0.1321,0
LEAD_000461,52,Medium,radio_ad,regional,421.59,Spring_Blast,0,0,0.1337,0
LEAD_000462,67,Medium,website_ad,domestic,158.02,Spring_Blast,1,0,0.1635,0
LEAD_000463,42,Low,website_ad,domestic,396.24,Holiday_Special,0,0,0.1291,0
LEAD_000464,41,High,radio_ad,domestic,466.56,Q1_Promo,0,0,0.1248,0
LEAD_000465,30,Ultra,streaming_commercial,regional,170.51,Q1_Promo,0,0,0.1453,0
LEAD_000466,24,High,tv_commercial,domestic,141.56,Q1_Promo,0,0,0.1533,0
LEAD_000468,53,Ultra,radio_ad,domestic,443.92,Q1_Promo,0,0,0.1786,0
LEAD_000469,62,High,streaming_commercial,domestic,289.27,Holiday_Special,0,0,0.0869,0
LEAD_000470,37,Medium,tv_commercial,domestic,234.37,Holiday_Special,0,0,0.1459,0
LEAD_000475,31,High,streaming_commercial,regional,199.11,Holiday_Special,0,0,0.1731,0
LEAD_000476,29,Medium,unknown,domestic,196.72,Spring_Blast,0,0,0.1457,0
LEAD_000477,68,Medium,unknown,regional,467.89,Holiday_Special,1,1,0.2236,0
LEAD_000481,51,Low,tv_commercial,domestic,246.59,Holiday_Special,1,1,0.1857,0
LEAD_000482,19,Low,unknown,global,282.89,Q1_Promo,0,0,0.0915,0
LEAD_000483,49,Medium,unknown,domestic,179.82,Spring_Blast,1,0,0.1455,0
LEAD_000484,40,Medium,streaming_commercial,regional,498.51,Q1_Promo,0,0,0.0764,0
LEAD_000488,39,Low,radio_ad,domestic,359.32,Spring_Blast,0,0,0.1973,0
LEAD_000492,59,High,radio_ad,domestic,347.28,Q1_Promo,0,0,0.2597,0
LEAD_000496,60,High,unknown,global,145.57,Spring_Blast,0,0,0.0294,0
LEAD_000497,54,Low,streaming_commercial,regional,215.02,Spring_Blast,0,1,0.3162,0
LEAD_000500,70,Low,tv_commercial,regional,348.97,Holiday_Special,0,1,0.2066,0
LEAD_000503,22,Medium,tv_commercial,regional,217.65,Q1_Promo,0,0,0.123,0
LEAD_000504,56,Medium,website_ad,regional,99.94,Spring_Blast,0,0,0.1586,0
LEAD_000505,21,Medium,unknown,global,139.15,Q1_Promo,1,1,0.1845,0
LEAD_000506,23,High,radio_ad,regional,453.8,Q1_Promo,0,0,0.0821,0
LEAD_000508,49,High,streaming_commercial,domestic,179.94,Spring_Blast,1,0,0.0935,0
LEAD_000510,47,Low,tv_commercial,domestic,315.62,Holiday_Special,0,1,0.1841,0
LEAD_000511,64,High,streaming_commercial,regional,143.01,Spring_Blast,0,0,0.1958,0
LEAD_000517,30,Medium,tv_commercial,regional,59.15,Spring_Blast,0,0,0.1326,0
LEAD_000520,47,Low,website_ad,regional,310.48,Q1_Promo,0,1,0.201,0
LEAD_000522,34,High,website_ad,regional,440.66,Spring_Blast,0,0,0.0972,0
LEAD_000524,36,Medium,website_ad,global,307.12,Spring_Blast,0,0,0.0428,0
LEAD_000525,45,Low,website_ad,domestic,362.81,Holiday_Special,0,0,0.1476,0
LEAD_000526,72,Medium,streaming_commercial,regional,54.85,Q1_Promo,0,0,0.1082,0
LEAD_000527,43,Ultra,streaming_commercial,regional,326.41,Holiday_Special,0,0,0.1382,0
LEAD_000529,43,Medium,radio_ad,regional,230.38,Spring_Blast,0,0,0.1563,0
LEAD_000533,29,High,streaming_commercial,domestic,238.94,Q1_Promo,0,0,0.0835,0
LEAD_000540,71,Low,website_ad,regional,221.91,Spring_Blast,0,1,0.3048,0
LEAD_000541,65,High,radio_ad,global,204.99,Q1_Promo,0,0,0.1838,0
LEAD_000543,57,Low,radio_ad,domestic,451.09,Q1_Promo,0,0,0.1836,0
LEAD_000544,62,Medium,streaming_commercial,regional,425.25,Holiday_Special,0,0,0.1537,0
LEAD_000545,70,Medium,tv_commercial,domestic,67.78,Q1_Promo,0,0,0.1487,0
LEAD_000546,18,Low,unknown,global,389.65,Spring_Blast,0,0,0.0581,0
LEAD_000547,33,Low,streaming_commercial,regional,475.34,Holiday_Special,0,0,0.1595,0
LEAD_000549,22,Low,website_ad,domestic,77.59,Spring_Blast,0,0,0.0857,0
LEAD_000550,39,Medium,streaming_commercial,regional,498.33,Spring_Blast,0,0,0.0939,0
LEAD_000554,29,Ultra,website_ad,regional,244.04,Spring_Blast,0,0,0.1423,0
LEAD_000557,68,Medium,tv_commercial,regional,291.88,Spring_Blast,0,1,0.155,0
LEAD_000558,54,Low,radio_ad,domestic,164.92,Q1_Promo,0,1,0.2087,0
LEAD_000560,74,Medium,tv_commercial,regional,357.15,Holiday_Special,0,0,0.1338,0
LEAD_000561,46,Medium,streaming_commercial,global,195.76,Q1_Promo,0,0,0.1022,0
LEAD_000564,22,Medium,radio_ad,regional,258.74,Holiday_Special,0,0,0.1356,0
LEAD_000565,64,High,website_ad,global,88.17,Q1_Promo,1,1,0.1663,0
LEAD_000567,47,Low,radio_ad,regional,134.79,Q1_Promo,0,1,0.231,0
LEAD_000568,63,High,website_ad,regional,210.96,Spring_Blast,0,1,0.2154,0
LEAD_000577,56,High,website_ad,domestic,429.82,Spring_Blast,0,0,0.0876,0
LEAD_000581,54,High,radio_ad,regional,357.04,Holiday_Special,0,0,0.193,0
LEAD_000582,40,Medium,tv_commercial,regional,309.34,Holiday_Special,0,0,0.1129,0
LEAD_000583,27,High,streaming_commercial,domestic,252.18,Q1_Promo,0,0,0.0795,0
LEAD_000584,71,Medium,tv_commercial,domestic,271.87,Q1_Promo,0,0,0.1789,0
LEAD_000587,51,Low,streaming_commercial,regional,324.82,Q1_Promo,1,1,0.2076,0
LEAD_000591,36,Low,unknown,regional,478.06,Spring_Blast,0,0,0.1921,0
LEAD_000595,22,Low,radio_ad,global,443.87,Q1_Promo,0,0,0.0839,0
LEAD_000596,62,Medium,tv_commercial,global,441.8,Q1_Promo,0,0,0.169,0
LEAD_000597,21,Low,website_ad,regional,62.76,Spring_Blast,0,0,0.1455,0
LEAD_000598,33,Low,radio_ad,regional,151.44,Spring_Blast,0,1,0.2521,0
LEAD_000603,66,Medium,streaming_commercial,regional,334.68,Q1_Promo,0,0,0.1247,0
LEAD_000607,37,Medium,streaming_commercial,regional,413.15,Q1_Promo,0,0,0.0829,0
LEAD_000608,41,Low,unknown,domestic,499.75,Spring_Blast,0,0,0.1009,0
LEAD_000609,29,Medium,tv_commercial,domestic,212.12,Spring_Blast,0,0,0.097,0
LEAD_000610,67,High,streaming_commercial,domestic,413.2,Q1_Promo,0,0,0.1416,0
LEAD_000614,68,Low,website_ad,domestic,271.7,Spring_Blast,0,0,0.2127,0
LEAD_000615,60,Low,website_ad,regional,92.64,Spring_Blast,0,1,0.3034,0
LEAD_000616,54,Medium,streaming_commercial,regional,194.69,Spring_Blast,0,0,0.1453,0
LEAD_000617,29,Medium,streaming_commercial,regional,179.6,Q1_Promo,0,0,0.105,0
LEAD_000622,27,Low,radio_ad,regional,114.41,Q1_Promo,0,0,0.1892,0
LEAD_000623,60,Medium,streaming_commercial,domestic,88.06,Q1_Promo,0,0,0.109,0
LEAD_000624,61,Low,unknown,regional,130.0,Q1_Promo,1,1,0.1944,0
LEAD_000626,30,Medium,streaming_commercial,domestic,274.95,Spring_Blast,0,0,0.064,0
LEAD_000628,48,High,radio_ad,domestic,98.33,Spring_Blast,0,0,0.195,0
LEAD_000632,67,Medium,streaming_commercial,regional,238.31,Spring_Blast,0,0,0.1515,0
LEAD_000633,52,Medium,tv_commercial,global,162.15,Spring_Blast,0,0,0.1471,0
LEAD_000638,46,Medium,tv_commercial,domestic,424.24,Spring_Blast,0,0,0.1381,0
LEAD_000640,27,Low,streaming_commercial,domestic,367.26,Spring_Blast,0,0,0.0978,0
LEAD_000642,51,High,unknown,regional,139.39,Q1_Promo,1,1,0.2359,0
LEAD_000644,58,Low,tv_commercial,domestic,435.25,Spring_Blast,0,0,0.2083,0
LEAD_000647,70,High,radio_ad,regional,437.88,Spring_Blast,1,1,0.2005,0
LEAD_000653,53,High,streaming_commercial,regional,373.88,Holiday_Special,0,0,0.1771,0
LEAD_000654,42,Medium,tv_commercial,global,247.62,Holiday_Special,0,0,0.1408,0
LEAD_000658,27,Medium,tv_commercial,domestic,55.06,Spring_Blast,0,0,0.123,0
LEAD_000662,52,High,website_ad,regional,390.73,Spring_Blast,1,1,0.1789,0
LEAD_000663,66,High,website_ad,regional,207.47,Q1_Promo,0,1,0.2968,0
LEAD_000664,52,Low,radio_ad,regional,269.51,Spring_Blast,0,1,0.3017,0
LEAD_000665,65,Low,streaming_commercial,regional,445.91,Spring_Blast,1,1,0.2647,0
LEAD_000666,53,Medium,tv_commercial,regional,196.38,Spring_Blast,1,1,0.1463,0
LEAD_000667,35,Medium,streaming_commercial,global,205.75,Holiday_Special,0,0,0.0734,0
LEAD_000678,30,Low,website_ad,regional,175.18,Q1_Promo,0,0,0.1596,0
LEAD_000680,42,Low,streaming_commercial,domestic,204.67,Q1_Promo,0,0,0.104,0
LEAD_000683,47,Medium,unknown,global,227.95,Holiday_Special,0,0,0.0783,0
LEAD_000687,65,Medium,radio_ad,domestic,209.96,Q1_Promo,0,0,0.2602,0
LEAD_000688,42,Ultra,radio_ad,domestic,151.92,Spring_Blast,0,0,0.1808,0
LEAD_000690,30,Medium,website_ad,domestic,67.58,Spring_Blast,0,0,0.0879,0
LEAD_000697,29,Medium,radio_ad,regional,104.6,Spring_Blast,1,1,0.178,0
LEAD_000699,24,Low,streaming_commercial,domestic,55.57,Holiday_Special,0,0,0.0886,0
LEAD_000702,48,High,website_ad,regional,200.97,Spring_Blast,0,1,0.1804,0
LEAD_000703,69,Medium,unknown,regional,380.81,Spring_Blast,0,0,0.1474,0
LEAD_000704,36,Medium,radio_ad,global,228.92,Q1_Promo,1,0,0.1943,0
LEAD_000706,33,High,website_ad,regional,383.91,Holiday_Special,0,0,0.1494,0
LEAD_000707,70,Medium,unknown,domestic,493.75,Spring_Blast,1,1,0.2005,0
LEAD_000710,29,High,website_ad,global,470.04,Q1_Promo,0,0,0.0445,0
LEAD_000714,53,Ultra,tv_commercial,regional,144.31,Q1_Promo,1,0,0.1733,0
LEAD_000717,33,Medium,radio_ad,regional,465.1,Holiday_Special,0,0,0.0816,0
LEAD_000721,70,Medium,streaming_commercial,regional,326.46,Holiday_Special,0,0,0.1361,0
LEAD_000725,48,High,tv_commercial,domestic,495.8,Holiday_Special,0,0,0.141,0
LEAD_000730,60,Low,unknown,regional,153.89,Spring_Blast,0,1,0.2158,0
LEAD_000732,35,Low,streaming_commercial,domestic,150.25,Holiday_Special,0,0,0.0947,0
LEAD_000733,64,Medium,radio_ad,regional,74.03,Q1_Promo,0,0,0.1673,0
LEAD_000738,34,Medium,tv_commercial,domestic,205.78,Holiday_Special,0,0,0.153,0
LEAD_000739,55,High,tv_commercial,global,282.21,Holiday_Special,1,1,0.1856,0
LEAD_000740,24,Low,radio_ad,regional,121.26,Q1_Promo,0,0,0.18,0
LEAD_000741,63,Low,streaming_commercial,domestic,278.6,Spring_Blast,0,0,0.1606,0
LEAD_000742,30,Low,tv_commercial,regional,185.03,Holiday_Special,0,0,0.1684,0
LEAD_000746,67,Low,tv_commercial,global,426.95,Spring_Blast,0,0,0.185,0
LEAD_000760,34,Medium,unknown,regional,481.65,Spring_Blast,1,0,0.1528,0
LEAD_000763,62,Medium,radio_ad,regional,75.11,Spring_Blast,0,0,0.1644,0
LEAD_000772,44,Low,website_ad,global,295.53,Spring_Blast,0,0,0.0733,0
LEAD_000773,27,Low,unknown,domestic,290.93,Spring_Blast,0,0,0.1163,0
LEAD_000777,20,High,streaming_commercial,regional,89.86,Holiday_Special,0,0,0.1466,0
LEAD_000782,37,Medium,radio_ad,regional,230.62,Q1_Promo,0,0,0.138,0
LEAD_000783,45,High,radio_ad,domestic,69.19,Q1_Promo,1,1,0.279,0
LEAD_000784,25,Medium,streaming_commercial,regional,225.23,Spring_Blast,0,0,0.102,0
LEAD_000785,58,Medium,website_ad,domestic,146.25,Holiday_Special,0,0,0.1646,0
LEAD_000788,20,Low,streaming_commercial,regional,329.18,Holiday_Special,0,0,0.1493,0
LEAD_000793,42,High,radio_ad,regional,192.62,Holiday_Special,0,0,0.228,0
LEAD_000796,55,Medium,tv_commercial,global,147.25,Q1_Promo,0,0,0.1624,0
LEAD_000797,70,High,streaming_commercial,domestic,115.11,Holiday_Special,0,0,0.0661,0
LEAD_000798,23,Low,streaming_commercial,domestic,64.05,Spring_Blast,0,0,0.0854,0
LEAD_000799,61,High,radio_ad,regional,284.41,Spring_Blast,1,1,0.23,0
LEAD_000800,62,Low,tv_commercial,regional,65.63,Spring_Blast,1,1,0.2759,0
LEAD_000808,28,Ultra,website_ad,regional,132.12,Spring_Blast,0,0,0.1464,0
LEAD_000815,35,Medium,radio_ad,domestic,336.39,Q1_Promo,0,0,0.1565,0
LEAD_000816,64,Low,website_ad,regional,109.95,Holiday_Special,0,1,0.2644,0
LEAD_000821,48,High,streaming_commercial,regional,270.75,Spring_Blast,1,1,0.212,0
LEAD_000822,18,Medium,radio_ad,regional,212.27,Spring_Blast,0,0,0.1377,0
LEAD_000823,70,Medium,radio_ad,regional,106.86,Q1_Promo,0,0,0.174,0
LEAD_000826,20,High,tv_commercial,regional,193.09,Spring_Blast,0,0,0.1187,0
LEAD_000829,74,Medium,streaming_commercial,regional,396.73,Q1_Promo,0,0,0.1398,0
LEAD_000830,28,Low,tv_commercial,regional,481.47,Q1_Promo,0,0,0.0993,0
LEAD_000834,33,High,tv_commercial,regional,386.76,Spring_Blast,0,0,0.1464,0
LEAD_000835,25,Medium,radio_ad,global,412.25,Spring_Blast,0,0,0.0679,0
LEAD_000845,25,Ultra,website_ad,domestic,478.38,Holiday_Special,0,0,0.1065,0
LEAD_000847,45,High,tv_commercial,global,165.65,Q1_Promo,0,0,0.1732,0
LEAD_000852,44,High,tv_commercial,domestic,370.72,Q1_Promo,0,0,0.1444,0
LEAD_000858,37,High,tv_commercial,domestic,135.58,Q1_Promo,0,0,0.1742,0
LEAD_000859,30,High,streaming_commercial,regional,438.28,Holiday_Special,0,0,0.1339,0
LEAD_000868,68,Medium,radio_ad,regional,180.51,Q1_Promo,0,0,0.1748,0
LEAD_000870,64,Low,streaming_commercial,regional,199.14,Q1_Promo,0,0,0.1883,0
LEAD_000873,27,Medium,unknown,domestic,373.36,Spring_Blast,0,0,0.1343,0
LEAD_000875,47,High,streaming_commercial,domestic,316.89,Q1_Promo,0,0,0.1243,0
LEAD_000880,73,Low,radio_ad,global,329.67,Holiday_Special,0,0,0.1008,0
LEAD_000881,50,High,tv_commercial,regional,153.51,Holiday_Special,0,1,0.1748,0
LEAD_000886,64,Low,radio_ad,domestic,132.55,Holiday_Special,0,0,0.1735,0
LEAD_000887,66,Low,radio_ad,global,165.69,Spring_Blast,0,0,0.1297,0
LEAD_000888,28,Medium,unknown,regional,171.75,Holiday_Special,0,0,0.1745,0
LEAD_000892,39,High,streaming_commercial,domestic,462.33,Q1_Promo,0,0,0.0872,0
LEAD_000896,50,Low,tv_commercial,domestic,77.01,Spring_Blast,0,0,0.1904,0
LEAD_000898,58,Medium,tv_commercial,regional,182.02,Holiday_Special,0,0,0.1257,0
LEAD_000900,18,Medium,unknown,regional,308.16,Q1_Promo,1,1,0.1565,0
LEAD_000901,38,Medium,tv_commercial,regional,197.01,Spring_Blast,0,0,0.1216,0
LEAD_000904,23,Low,radio_ad,regional,62.84,Holiday_Special,0,0,0.2095,0
LEAD_000908,48,Medium,unknown,domestic,136.46,Holiday_Special,0,0,0.1408,0
LEAD_000913,40,High,streaming_commercial,regional,149.38,Q1_Promo,0,0,0.152,0
LEAD_000916,54,Medium,radio_ad,regional,319.26,Spring_Blast,0,1,0.1616,0
LEAD_000917,27,Low,website_ad,regional,90.09,Holiday_Special,0,0,0.1811,0
LEAD_000920,34,Low,unknown,regional,218.03,Holiday_Special,0,0,0.2024,0
LEAD_000921,38,High,tv_commercial,domestic,364.37,Spring_Blast,1,0,0.1495,0
LEAD_000922,31,Low,streaming_commercial,regional,160.34,Spring_Blast,1,1,0.2033,0
LEAD_000928,30,High,website_ad,domestic,177.81,Holiday_Special,0,0,0.1113,0
LEAD_000932,57,Low,website_ad,regional,193.8,Q1_Promo,1,1,0.2556,0
LEAD_000934,51,Low,website_ad,domestic,300.59,Holiday_Special,1,1,0.1853,0
LEAD_000935,45,Medium,tv_commercial,domestic,335.17,Holiday_Special,0,0,0.1372,0
LEAD_000940,51,High,website_ad,global,320.59,Q1_Promo,0,0,0.1252,0
LEAD_000942,71,High,tv_commercial,global,480.8,Holiday_Special,0,0,0.1479,0
LEAD_000944,67,High,radio_ad,regional,168.95,Q1_Promo,0,0,0.2447,0
LEAD_000946,18,Low,website_ad,regional,221.88,Q1_Promo,0,0,0.1075,0
LEAD_000950,47,High,website_ad,regional,237.55,Holiday_Special,1,1,0.2018,0
LEAD_000953,34,Medium,radio_ad,global,252.07,Holiday_Special,0,0,0.1501,0
LEAD_000958,54,High,tv_commercial,domestic,349.51,Spring_Blast,1,1,0.2026,0
LEAD_000959,38,High,radio_ad,regional,442.53,Spring_Blast,0,0,0.1516,0
LEAD_000961,19,Low,website_ad,domestic,345.71,Q1_Promo,0,0,0.0623,0
LEAD_000962,28,Medium,website_ad,domestic,173.79,Holiday_Special,1,0,0.1237,0
LEAD_000963,68,High,tv_commercial,domestic,374.29,Spring_Blast,0,0,0.1838,0
LEAD_000965,55,High,radio_ad,regional,471.06,Q1_Promo,0,0,0.1608,0
LEAD_000966,51,Ultra,website_ad,regional,333.52,Spring_Blast,1,1,0.19,0
LEAD_000967,55,Low,streaming_commercial,domestic,75.18,Spring_Blast,0,0,0.1367,0
LEAD_000969,51,Medium,tv_commercial,domestic,267.62,Spring_Blast,0,0,0.1499,0
LEAD_000972,32,Medium,tv_commercial,domestic,477.42,Holiday_Special,0,0,0.0855,0
LEAD_000976,69,Medium,streaming_commercial,regional,285.82,Q1_Promo,0,0,0.1338,0
LEAD_000980,41,Medium,unknown,regional,153.98,Holiday_Special,0,0,0.1428,0
LEAD_000981,32,High,streaming_commercial,domestic,108.96,Spring_Blast,0,0,0.0719,0
LEAD_000988,46,Low,streaming_commercial,regional,171.81,Spring_Blast,1,1,0.2909,0
LEAD_000991,73,High,website_ad,global,178.74,Holiday_Special,0,0,0.0712,0
LEAD_000992,34,High,radio_ad,global,334.62,Holiday_Special,0,0,0.1178,0
LEAD_001003,60,Medium,website_ad,domestic,248.75,Q1_Promo,0,0,0.1826,0
LEAD_001013,48,Medium,streaming_commercial,regional,125.24,Spring_Blast,0,0,0.1344,0
LEAD_001015,71,High,radio_ad,regional,364.65,Spring_Blast,0,0,0.1962,0
LEAD_001016,33,High,streaming_commercial,domestic,356.93,Spring_Blast,0,0,0.0738,0
LEAD_001020,21,Medium,tv_commercial,global,162.59,Spring_Blast,0,0,0.0853,0
LEAD_001024,49,Medium,radio_ad,regional,418.54,Holiday_Special,0,0,0.1214,0
LEAD_001025,20,Low,radio_ad,regional,278.99,Q1_Promo,0,0,0.1379,0
LEAD_001029,67,High,website_ad,regional,202.83,Spring_Blast,0,1,0.2263,0
LEAD_001031,36,High,website_ad,regional,97.55,Q1_Promo,0,0,0.1954,0
LEAD_001033,22,High,radio_ad,global,131.55,Q1_Promo,0,0,0.1842,0
LEAD_001037,39,High,radio_ad,domestic,357.11,Q1_Promo,0,0,0.1415,0
LEAD_001038,38,High,streaming_commercial,regional,298.0,Holiday_Special,0,0,0.1921,0
LEAD_001045,63,Medium,website_ad,global,435.55,Q1_Promo,0,0,0.1712,0
LEAD_001046,51,Medium,streaming_commercial,regional,103.41,Q1_Promo,0,0,0.1129,0
LEAD_001047,66,Medium,unknown,regional,363.9,Spring_Blast,0,0,0.1511,0
LEAD_001051,44,Low,radio_ad,global,441.23,Q1_Promo,0,0,0.1291,0
LEAD_001054,74,High,streaming_commercial,regional,361.27,Holiday_Special,0,0,0.1331,0
LEAD_001056,74,Medium,unknown,domestic,374.63,Holiday_Special,0,0,0.1865,0
LEAD_001072,64,Medium,unknown,regional,75.63,Holiday_Special,0,0,0.1074,0
LEAD_001078,40,High,unknown,regional,439.97,Holiday_Special,1,0,0.1903,0
LEAD_001080,41,Low,tv_commercial,domestic,436.48,Q1_Promo,1,1,0.1241,0
LEAD_001086,68,Ultra,website_ad,regional,338.2,Q1_Promo,0,0,0.1867,0
LEAD_001091,63,Medium,tv_commercial,regional,202.61,Q1_Promo,0,0,0.1351,0
LEAD_001092,60,Low,tv_commercial,domestic,69.27,Q1_Promo,1,1,0.1731,0
LEAD_001096,55,Low,radio_ad,domestic,444.45,Q1_Promo,0,0,0.1742,0
LEAD_001101,72,Low,tv_commercial,regional,328.33,Spring_Blast,1,1,0.2842,0
LEAD_001111,61,Medium,unknown,domestic,269.87,Holiday_Special,0,0,0.1658,0
LEAD_001114,30,Medium,radio_ad,domestic,333.2,Q1_Promo,1,0,0.15,0
LEAD_001124,53,High,tv_commercial,domestic,353.72,Q1_Promo,0,0,0.1778,0
LEAD_001126,39,Medium,unknown,regional,482.55,Holiday_Special,0,0,0.1494,0
LEAD_001127,51,Low,radio_ad,regional,461.39,Holiday_Special,0,1,0.1606,0
LEAD_001137,23,Low,unknown,regional,482.91,Q1_Promo,0,0,0.1345,0
LEAD_001141,73,High,unknown,domestic,275.27,Spring_Blast,0,0,0.0473,0
LEAD_001165,48,Medium,tv_commercial,regional,313.14,Spring_Blast,0,0,0.1356,0
LEAD_001166,57,Medium,radio_ad,regional,446.68,Spring_Blast,0,0,0.1353,0
LEAD_001171,23,Medium,streaming_commercial,regional,489.86,Q1_Promo,0,0,0.0554,0
LEAD_001172,19,Low,streaming_commercial,global,369.93,Spring_Blast,0,0,0.0503,0
LEAD_001182,73,Low,tv_commercial,global,292.11,Holiday_Special,0,0,0.1265,0
LEAD_001185,74,Low,unknown,global,274.14,Holiday_Special,0,0,0.0355,0
LEAD_001186,19,High,website_ad,regional,92.32,Q1_Promo,1,1,0.175,0
LEAD_001202,37,High,streaming_commercial,regional,167.81,Holiday_Special,1,0,0.1703,0
LEAD_001204,29,Low,streaming_commercial,regional,95.01,Holiday_Special,0,0,0.1548,0
LEAD_001206,18,Ultra,streaming_commercial,regional,388.27,Spring_Blast,0,0,0.1246,0
LEAD_001209,55,Medium,streaming_commercial,domestic,204.01,Spring_Blast,1,0,0.1112,0
LEAD_001210,54,Medium,tv_commercial,domestic,353.32,Holiday_Special,0,0,0.1639,0
LEAD_001212,53,High,website_ad,global,238.99,Spring_Blast,0,0,0.0596,0
LEAD_001214,60,High,tv_commercial,regional,167.34,Spring_Blast,0,1,0.1968,0
LEAD_001217,23,Medium,unknown,regional,441.64,Spring_Blast,0,0,0.1527,0
LEAD_001220,27,Medium,streaming_commercial,regional,175.01,Holiday_Special,0,0,0.1174,0
LEAD_001224,61,High,streaming_commercial,domestic,360.34,Holiday_Special,0,0,0.0967,0
LEAD_001230,18,High,streaming_commercial,regional,140.03,Holiday_Special,0,0,0.1406,0
LEAD_001234,26,Low,streaming_commercial,global,271.33,Holiday_Special,0,0,0.0651,0
LEAD_001235,28,High,website_ad,regional,381.62,Spring_Blast,0,0,0.0951,0
LEAD_001236,32,High,tv_commercial,regional,385.35,Holiday_Special,0,0,0.1369,0
LEAD_001243,66,High,radio_ad,regional,127.87,Holiday_Special,0,0,0.1916,0
LEAD_001247,31,Medium,tv_commercial,regional,116.57,Holiday_Special,0,0,0.1733,0
LEAD_001251,26,High,website_ad,regional,161.33,Holiday_Special,1,0,0.1862,0
LEAD_001267,38,High,unknown,regional,354.29,Spring_Blast,1,0,0.1931,0
LEAD_001272,43,Low,tv_commercial,regional,315.72,Q1_Promo,0,1,0.2048,0
LEAD_001283,31,Ultra,website_ad,global,181.88,Holiday_Special,0,0,0.1254,0
LEAD_001285,68,Ultra,tv_commercial,regional,366.13,Holiday_Special,0,0,0.109,0
LEAD_001289,32,Medium,unknown,regional,370.31,Q1_Promo,0,0,0.1383,0
LEAD_001290,50,Low,website_ad,global,304.12,Spring_Blast,0,0,0.082,0
LEAD_001292,34,Low,streaming_commercial,domestic,233.67,Spring_Blast,1,0,0.1391,0
LEAD_001298,70,Low,radio_ad,regional,53.81,Spring_Blast,0,0,0.301,0
LEAD_001300,57,Low,tv_commercial,domestic,158.19,Spring_Blast,0,1,0.2431,0
LEAD_001309,25,High,streaming_commercial,regional,50.75,Spring_Blast,0,0,0.1125,0
LEAD_001321,46,High,unknown,domestic,81.3,Q1_Promo,0,0,0.1917,0
LEAD_001323,74,High,radio_ad,domestic,381.78,Q1_Promo,0,0,0.2904,0
LEAD_001332,27,Ultra,unknown,regional,58.04,Q1_Promo,0,0,0.1963,0
LEAD_001341,53,Medium,radio_ad,regional,276.14,Spring_Blast,1,1,0.1608,0
LEAD_001344,69,High,streaming_commercial,regional,333.09,Spring_Blast,0,0,0.1721,0
LEAD_001348,25,High,radio_ad,domestic,214.69,Holiday_Special,0,0,0.2261,0
LEAD_001349,22,Ultra,website_ad,regional,237.73,Spring_Blast,0,0,0.126,0
LEAD_001358,68,Low,streaming_commercial,global,167.83,Spring_Blast,1,1,0.0796,0
LEAD_001363,60,Medium,tv_commercial,regional,75.96,Holiday_Special,1,1,0.1287,0
LEAD_001366,37,Medium,unknown,regional,80.09,Holiday_Special,0,0,0.1553,0
LEAD_001376,63,High,radio_ad,domestic,121.99,Holiday_Special,0,0,0.1663,0
LEAD_001382,35,Low,tv_commercial,domestic,201.67,Q1_Promo,0,0,0.1223,0
LEAD_001383,42,Medium,unknown,global,120.07,Holiday_Special,0,0,0.0882,0
LEAD_001390,53,Medium,unknown,global,293.66,Spring_Blast,0,0,0.0719,0
LEAD_001391,65,Medium,tv_commercial,global,55.84,Spring_Blast,0,0,0.1461,0
LEAD_001397,59,Low,unknown,regional,466.68,Holiday_Special,0,0,0.1361,0
LEAD_001410,40,Low,radio_ad,regional,288.3,Spring_Blast,0,1,0.2623,0
LEAD_001412,63,Low,radio_ad,regional,483.23,Spring_Blast,0,0,0.1795,0
LEAD_001414,38,Medium,streaming_commercial,regional,387.36,Q1_Promo,0,0,0.0868,0
LEAD_001416,63,Medium,radio_ad,domestic,270.6,Q1_Promo,1,1,0.2717,0
LEAD_001420,74,High,unknown,global,358.93,Holiday_Special,0,0,0.0306,0
LEAD_001423,72,Low,radio_ad,domestic,335.48,Spring_Blast,1,1,0.1996,0
LEAD_001445,24,Medium,streaming_commercial,regional,91.07,Spring_Blast,0,0,0.1026,0
LEAD_001465,60,High,radio_ad,domestic,115.52,Q1_Promo,0,0,0.264,0
LEAD_001466,39,Low,unknown,regional,89.04,Holiday_Special,1,1,0.1996,0
LEAD_001480,45,High,streaming_commercial,domestic,82.19,Spring_Blast,0,0,0.084,0
LEAD_001483,24,High,website_ad,domestic,482.86,Spring_Blast,0,0,0.0295,0
LEAD_001485,49,High,tv_commercial,regional,352.42,Q1_Promo,0,0,0.1673,0
LEAD_001487,47,High,tv_commercial,domestic,212.5,Holiday_Special,0,0,0.1688,0
LEAD_001489,68,High,website_ad,global,353.16,Q1_Promo,0,0,0.1585,0
LEAD_001493,47,Medium,radio_ad,domestic,432.5,Spring_Blast,0,0,0.158,0
LEAD_001494,46,Low,radio_ad,global,89.91,Q1_Promo,0,0,0.1504,0
LEAD_001497,46,Medium,unknown,regional,255.09,Holiday_Special,1,0,0.1569,0
LEAD_001501,36,Low,radio_ad,regional,226.7,Holiday_Special,0,0,0.2423,0
LEAD_001502,35,Low,unknown,global,61.76,Spring_Blast,0,0,0.0525,0
LEAD_001506,64,Low,tv_commercial,global,443.31,Spring_Blast,0,0,0.1848,0
LEAD_001507,67,High,tv_commercial,regional,187.14,Q1_Promo,0,0,0.1924,0
LEAD_001510,45,Low,tv_commercial,regional,142.02,Spring_Blast,0,1,0.2553,0
LEAD_001512,67,Low,radio_ad,global,233.09,Spring_Blast,0,0,0.1296,0
LEAD_001514,55,Medium,radio_ad,regional,262.17,Spring_Blast,0,1,0.1615,0
LEAD_001516,21,Ultra,website_ad,domestic,227.04,Holiday_Special,0,0,0.1314,0
LEAD_001520,72,High,website_ad,domestic,462.07,Holiday_Special,0,0,0.143,0
LEAD_001521,56,High,radio_ad,regional,401.77,Q1_Promo,0,0,0.1782,0
LEAD_001525,27,High,tv_commercial,domestic,347.18,Q1_Promo,0,0,0.0901,0
LEAD_001545,71,Low,radio_ad,regional,191.14,Spring_Blast,1,1,0.3208,0
LEAD_001549,20,Medium,unknown,regional,337.62,Holiday_Special,0,0,0.15,0
LEAD_001561,73,Medium,unknown,regional,332.99,Spring_Blast,0,0,0.1401,0
LEAD_001562,63,Medium,unknown,regional,476.51,Q1_Promo,0,0,0.1946,0
LEAD_001568,71,Ultra,streaming_commercial,regional,51.06,Q1_Promo,1,0,0.1123,0
LEAD_001570,31,High,tv_commercial,regional,270.91,Q1_Promo,0,0,0.1464,0
LEAD_001575,24,High,radio_ad,domestic,408.67,Holiday_Special,0,0,0.093,0
LEAD_001579,40,High,radio_ad,global,186.81,Spring_Blast,0,0,0.1086,0
LEAD_001582,65,Low,radio_ad,domestic,104.18,Holiday_Special,1,1,0.167,0
LEAD_001591,37,Ultra,streaming_commercial,regional,377.88,Spring_Blast,0,0,0.1612,0
LEAD_001598,29,Low,radio_ad,global,384.69,Holiday_Special,1,0,0.129,0
LEAD_001600,22,Low,streaming_commercial,global,442.43,Spring_Blast,0,0,0.0492,0
LEAD_001607,61,High,website_ad,domestic,324.81,Spring_Blast,0,0,0.1132,0
LEAD_001609,69,Low,tv_commercial,regional,61.24,Q1_Promo,0,0,0.1902,0
LEAD_001619,49,Ultra,tv_commercial,domestic,124.36,Q1_Promo,0,0,0.1904,0
LEAD_001623,34,Low,tv_commercial,regional,471.1,Q1_Promo,0,0,0.1175,0
LEAD_001628,62,Medium,unknown,global,257.39,Spring_Blast,0,0,0.0598,0
LEAD_001629,42,High,tv_commercial,global,220.48,Holiday_Special,1,0,0.1693,0
LEAD_001647,59,Medium,tv_commercial,domestic,385.25,Holiday_Special,0,0,0.1968,0
LEAD_001648,53,Ultra,streaming_commercial,domestic,332.81,Holiday_Special,1,0,0.1028,0
LEAD_001670,62,Low,radio_ad,global,452.71,Spring_Blast,0,0,0.126,0
LEAD_001684,18,High,unknown,domestic,163.87,Spring_Blast,0,0,0.085,0
LEAD_001693,57,Medium,unknown,regional,336.51,Q1_Promo,0,0,0.1708,0
LEAD_001710,53,Low,radio_ad,regional,346.4,Holiday_Special,0,1,0.2287,0
LEAD_001714,52,High,streaming_commercial,regional,326.54,Q1_Promo,0,0,0.1649,0
LEAD_001736,52,Low,unknown,domestic,354.2,Q1_Promo,0,0,0.1295,0
LEAD_001738,67,Low,streaming_commercial,domestic,262.13,Q1_Promo,0,0,0.1265,0
LEAD_001744,55,High,streaming_commercial,domestic,95.42,Holiday_Special,0,0,0.0741,0
LEAD_001747,36,High,unknown,global,271.68,Spring_Blast,0,0,0.052,0
LEAD_001761,25,Low,radio_ad,domestic,310.97,Spring_Blast,1,0,0.1534,0
LEAD_001777,58,High,tv_commercial,regional,70.33,Q1_Promo,0,1,0.187,0
LEAD_001778,62,Low,streaming_commercial,global,121.41,Spring_Blast,0,0,0.0828,0
LEAD_001821,60,High,website_ad,domestic,230.3,Q1_Promo,0,0,0.2417,0
LEAD_001832,46,High,website_ad,global,88.34,Spring_Blast,0,0,0.0569,0
LEAD_001863,74,Low,streaming_commercial,regional,408.91,Q1_Promo,0,0,0.1648,0
LEAD_001864,33,Low,tv_commercial,regional,282.51,Q1_Promo,0,0,0.1657,0
LEAD_001865,73,Medium,radio_ad,global,170.05,Q1_Promo,0,0,0.1811,0
LEAD_001892,32,High,unknown,global,226.82,Holiday_Special,0,0,0.0537,0
LEAD_001895,66,Ultra,streaming_commercial,regional,229.51,Q1_Promo,0,0,0.1316,0
LEAD_001903,23,Medium,radio_ad,regional,108.08,Spring_Blast,1,1,0.1753,0
LEAD_001912,24,High,streaming_commercial,regional,447.12,Holiday_Special,0,0,0.1137,0
LEAD_001921,62,High,tv_commercial,global,452.1,Q1_Promo,1,1,0.2162,0
LEAD_001924,60,Low,radio_ad,global,161.66,Spring_Blast,0,0,0.1369,0
LEAD_001926,74,High,tv_commercial,domestic,182.73,Spring_Blast,0,0,0.1653,0
LEAD_001931,73,Medium,tv_commercial,domestic,314.84,Holiday_Special,0,0,0.1876,0
LEAD_001945,67,Medium,radio_ad,regional,394.92,Q1_Promo,0,0,0.1706,0
LEAD_001963,58,Low,radio_ad,regional,453.76,Spring_Blast,0,1,0.1993,0
LEAD_001974,26,Low,tv_commercial,regional,374.85,Holiday_Special,1,1,0.1515,0
LEAD_001982,32,High,website_ad,global,407.65,Spring_Blast,0,0,0.0336,0
LEAD_001984,25,High,tv_commercial,regional,154.26,Spring_Blast,0,0,0.1245,0
LEAD_001988,35,High,unknown,global,93.9,Q1_Promo,0,0,0.1028,0
LEAD_001997,67,Ultra,radio_ad,regional,387.83,Q1_Promo,1,0,0.1675,0
LEAD_002005,57,Low,unknown,regional,358.96,Q1_Promo,0,1,0.1895,0
LEAD_002034,74,Ultra,website_ad,regional,208.75,Q1_Promo,1,1,0.2125,0
LEAD_002037,40,Medium,unknown,domestic,401.35,Q1_Promo,1,0,0.2455,0
LEAD_002038,59,High,tv_commercial,regional,421.75,Holiday_Special,0,0,0.178,0
LEAD_002044,56,Low,radio_ad,global,334.09,Spring_Blast,0,0,0.1377,0
LEAD_002045,48,Low,streaming_commercial,regional,498.01,Spring_Blast,1,1,0.2148,0
LEAD_002051,46,Low,unknown,global,281.84,Holiday_Special,0,0,0.0513,0
LEAD_002064,51,High,tv_commercial,domestic,280.94,Spring_Blast,0,0,0.2086,0
LEAD_002073,27,High,radio_ad,regional,276.38,Holiday_Special,1,0,0.189,0
LEAD_002074,58,High,streaming_commercial,regional,159.61,Q1_Promo,0,0,0.1702,0
LEAD_002075,49,High,website_ad,regional,452.3,Holiday_Special,0,0,0.1897,0
LEAD_002095,71,Medium,radio_ad,regional,308.5,Holiday_Special,0,0,0.171,0
LEAD_002096,18,High,radio_ad,domestic,296.21,Spring_Blast,0,0,0.0748,0
LEAD_002103,64,High,unknown,domestic,336.57,Spring_Blast,0,0,0.0556,0
LEAD_002110,24,Medium,tv_commercial,regional,364.96,Spring_Blast,1,0,0.0871,0
LEAD_002122,51,High,radio_ad,regional,261.65,Q1_Promo,0,0,0.2249,0
LEAD_002152,38,Low,radio_ad,regional,198.59,Q1_Promo,0,0,0.2096,0
LEAD_002159,74,Low,website_ad,global,388.07,Holiday_Special,0,0,0.0888,0
LEAD_002164,32,Low,website_ad,regional,319.49,Spring_Blast,0,0,0.1785,0
LEAD_002173,61,High,unknown,regional,431.03,Q1_Promo,1,1,0.201,0
LEAD_002177,63,Low,unknown,domestic,301.92,Spring_Blast,0,0,0.0967,0
LEAD_002178,42,Low,radio_ad,regional,383.85,Spring_Blast,0,1,0.2305,0
LEAD_002183,32,Low,radio_ad,regional,400.0,Holiday_Special,0,0,0.1621,0
LEAD_002188,24,Ultra,website_ad,regional,366.69,Holiday_Special,0,0,0.1295,0
LEAD_002191,61,Low,radio_ad,regional,454.84,Holiday_Special,0,1,0.1752,0
LEAD_002199,47,Ultra,streaming_commercial,global,499.38,Spring_Blast,0,0,0.0974,0
LEAD_002208,65,Ultra,streaming_commercial,regional,458.05,Spring_Blast,0,0,0.1333,0
LEAD_002236,25,Low,tv_commercial,domestic,474.6,Holiday_Special,0,0,0.0936,0
LEAD_002248,33,Ultra,radio_ad,global,270.82,Spring_Blast,0,0,0.1816,0
LEAD_002268,43,Medium,unknown,regional,363.88,Holiday_Special,0,0,0.1529,0
LEAD_002274,43,High,tv_commercial,regional,489.72,Spring_Blast,0,0,0.1294,0
LEAD_002277,32,High,radio_ad,regional,293.91,Holiday_Special,0,0,0.2052,0
LEAD_002279,59,Low,radio_ad,regional,137.45,Holiday_Special,1,1,0.2679,0
LEAD_002299,45,High,unknown,domestic,275.62,Spring_Blast,0,0,0.0855,0
LEAD_002323,68,Low,unknown,regional,267.83,Q1_Promo,0,0,0.178,0
LEAD_002325,72,Medium,unknown,regional,85.68,Spring_Blast,0,0,0.1182,0
LEAD_002344,73,High,radio_ad,regional,300.34,Q1_Promo,1,1,0.2304,0
LEAD_002345,58,High,unknown,global,221.96,Spring_Blast,0,0,0.0335,0
LEAD_002364,21,High,tv_commercial,regional,174.03,Spring_Blast,0,0,0.1171,0
LEAD_002378,19,Ultra,radio_ad,domestic,461.35,Q1_Promo,0,0,0.0956,0
LEAD_002401,47,Medium,tv_commercial,regional,79.52,Q1_Promo,0,0,0.1534,0
LEAD_002417,73,Low,streaming_commercial,regional,386.79,Q1_Promo,0,0,0.1696,0
LEAD_002423,23,Ultra,radio_ad,regional,217.94,Q1_Promo,1,0,0.1931,0
LEAD_002442,27,High,unknown,regional,434.68,Q1_Promo,0,0,0.1654,0
LEAD_002444,71,Medium,unknown,domestic,365.92,Q1_Promo,0,0,0.2519,0
LEAD_002455,37,Low,radio_ad,domestic,127.81,Q1_Promo,0,0,0.174,0
LEAD_002469,29,Low,tv_commercial,global,191.27,Holiday_Special,0,0,0.1251,0
LEAD_002473,73,High,streaming_commercial,domestic,153.12,Spring_Blast,0,0,0.0694,0
LEAD_002481,37,Low,unknown,regional,400.84,Q1_Promo,0,0,0.1854,0
LEAD_002495,70,High,tv_commercial,global,191.01,Q1_Promo,0,0,0.1598,0
LEAD_002513,56,Low,unknown,regional,311.5,Spring_Blast,0,1,0.2407,0
LEAD_002517,60,High,streaming_commercial,domestic,459.92,Holiday_Special,0,0,0.1012,0
LEAD_002537,49,Ultra,website_ad,domestic,328.22,Holiday_Special,0,0,0.1518,0
LEAD_002549,27,High,website_ad,global,307.33,Holiday_Special,0,0,0.0492,0
LEAD_002570,31,Medium,unknown,domestic,355.1,Spring_Blast,0,0,0.1419,0
LEAD_002577,19,Low,tv_commercial,regional,224.63,Spring_Blast,0,0,0.1364,0
LEAD_002585,30,Low,radio_ad,global,207.61,Spring_Blast,0,0,0.1299,0
LEAD_002594,55,Low,tv_commercial,domestic,486.16,Spring_Blast,0,0,0.1733,0
LEAD_002623,50,Ultra,streaming_commercial,domestic,283.07,Holiday_Special,0,0,0.1035,0
LEAD_002626,66,High,unknown,global,498.34,Spring_Blast,0,0,0.0288,0
LEAD_002639,26,Ultra,website_ad,regional,60.54,Q1_Promo,0,0,0.2064,0
LEAD_002642,43,High,radio_ad,regional,251.71,Q1_Promo,0,0,0.2189,0
LEAD_002676,70,Ultra,streaming_commercial,regional,85.97,Holiday_Special,0,0,0.0742,0
LEAD_002687,36,Ultra,tv_commercial,global,460.45,Holiday_Special,1,1,0.2305,0
LEAD_002724,59,Ultra,radio_ad,regional,165.79,Spring_Blast,1,0,0.1504,0
LEAD_002764,36,Low,tv_commercial,regional,179.5,Q1_Promo,0,0,0.1686,0
LEAD_002768,42,Ultra,tv_commercial,domestic,206.19,Q1_Promo,0,0,0.184,0
LEAD_002772,27,Medium,radio_ad,domestic,230.88,Holiday_Special,0,0,0.1798,0
LEAD_002776,22,Medium,unknown,regional,210.52,Holiday_Special,0,0,0.1856,0
LEAD_002806,20,Low,website_ad,regional,463.24,Q1_Promo,0,0,0.0734,0
LEAD_002826,57,High,tv_commercial,regional,144.19,Holiday_Special,0,0,0.1723,0
LEAD_002851,71,Low,unknown,domestic,321.1,Holiday_Special,0,0,0.0826,0
LEAD_002879,59,Low,tv_commercial,global,335.21,Holiday_Special,0,0,0.1527,0
LEAD_002888,25,Ultra,tv_commercial,domestic,194.72,Spring_Blast,0,0,0.1348,0
LEAD_002895,45,Ultra,radio_ad,regional,300.08,Holiday_Special,0,0,0.1384,0
LEAD_002909,23,High,tv_commercial,regional,200.62,Spring_Blast,0,0,0.1286,0
LEAD_002920,69,Low,radio_ad,regional,422.78,Holiday_Special,1,1,0.1838,0
LEAD_002931,19,Medium,unknown,regional,374.53,Holiday_Special,0,0,0.1381,0
LEAD_002935,18,High,tv_commercial,domestic,78.44,Holiday_Special,0,0,0.1932,0
LEAD_002941,21,Low,tv_commercial,domestic,333.57,Q1_Promo,0,0,0.0837,0
LEAD_002945,52,High,tv_commercial,domestic,188.49,Q1_Promo,0,0,0.1937,0
LEAD_002990,53,Low,tv_commercial,regional,253.35,Q1_Promo,1,1,0.2286,0
LEAD_002999,20,Ultra,website_ad,domestic,157.76,Holiday_Special,0,0,0.158,0
LEAD_003006,51,Low,unknown,domestic,317.47,Holiday_Special,0,0,0.1047,0
LEAD_003059,21,Low,unknown,global,155.86,Holiday_Special,0,0,0.0644,0
LEAD_003064,54,High,unknown,regional,221.34,Q1_Promo,1,1,0.2388,0
LEAD_003094,40,High,tv_commercial,domestic,273.46,Holiday_Special,0,0,0.1543,0
LEAD_003112,52,High,unknown,regional,85.63,Q1_Promo,0,0,0.2241,0
LEAD_003121,51,Medium,unknown,domestic,209.74,Q1_Promo,0,0,0.2162,0
LEAD_003123,65,High,tv_commercial,regional,89.93,Q1_Promo,0,0,0.1839,0
LEAD_003124,35,High,streaming_commercial,regional,262.27,Holiday_Special,1,0,0.1863,0
LEAD_003142,18,Low,radio_ad,regional,476.75,Holiday_Special,0,0,0.093,0
LEAD_003145,46,High,radio_ad,domestic,357.79,Holiday_Special,0,0,0.1937,0
LEAD_003170,54,Ultra,website_ad,regional,99.69,Holiday_Special,0,0,0.1154,0
LEAD_003190,53,High,radio_ad,regional,473.75,Spring_Blast,0,0,0.1798,0
LEAD_003213,48,Low,tv_commercial,domestic,85.24,Holiday_Special,0,0,0.1457,0
LEAD_003214,25,Low,unknown,domestic,126.47,Q1_Promo,0,0,0.1349,0
LEAD_003225,31,Low,tv_commercial,regional,252.54,Spring_Blast,0,0,0.1969,0
LEAD_003227,58,Medium,unknown,regional,95.68,Holiday_Special,0,0,0.111,0
LEAD_003235,44,Medium,streaming_commercial,regional,155.38,Spring_Blast,0,0,0.1276,0
LEAD_003257,31,Low,unknown,global,150.73,Q1_Promo,0,0,0.082,0
LEAD_003286,63,High,streaming_commercial,regional,132.01,Q1_Promo,0,0,0.1684,0
LEAD_003299,45,Medium,unknown,regional,129.18,Q1_Promo,0,0,0.1613,0
LEAD_003324,36,High,streaming_commercial,global,263.72,Q1_Promo,0,0,0.0712,0
LEAD_003340,22,Ultra,tv_commercial,regional,61.02,Holiday_Special,0,0,0.1759,0
LEAD_003352,38,Ultra,tv_commercial,domestic,371.24,Q1_Promo,0,0,0.1653,0
LEAD_003392,71,High,streaming_commercial,regional,167.62,Q1_Promo,0,0,0.1651,0
LEAD_003412,21,High,streaming_commercial,regional,367.69,Holiday_Special,0,0,0.1184,0
LEAD_003438,55,Ultra,streaming_commercial,global,181.89,Holiday_Special,0,0,0.0748,0
LEAD_003440,48,Low,radio_ad,regional,427.32,Spring_Blast,0,1,0.224,0
LEAD_003486,47,Ultra,website_ad,global,287.64,Holiday_Special,0,0,0.1186,0
LEAD_003529,42,Low,unknown,regional,249.96,Spring_Blast,1,1,0.2664,0
LEAD_003551,42,Low,tv_commercial,regional,446.02,Q1_Promo,0,1,0.1507,0
LEAD_003588,54,Low,unknown,global,297.71,Spring_Blast,0,0,0.0478,0
LEAD_003619,60,Medium,unknown,regional,327.64,Q1_Promo,0,0,0.1774,0
LEAD_003708,54,Medium,unknown,global,420.47,Spring_Blast,0,0,0.0702,0
LEAD_003723,19,Ultra,website_ad,global,338.51,Holiday_Special,0,0,0.0833,0
LEAD_003763,30,Low,unknown,regional,265.19,Holiday_Special,0,0,0.1907,0
LEAD_003767,55,Medium,unknown,regional,336.16,Q1_Promo,0,0,0.1659,0
LEAD_003770,44,Ultra,website_ad,domestic,489.91,Q1_Promo,1,1,0.1478,0
LEAD_003792,28,Low,streaming_commercial,regional,65.62,Holiday_Special,0,0,0.1447,0
LEAD_003793,19,Ultra,streaming_commercial,domestic,274.65,Q1_Promo,0,0,0.1014,0
LEAD_003821,28,High,streaming_commercial,domestic,444.51,Q1_Promo,0,0,0.0696,0
LEAD_003841,73,High,tv_commercial,regional,461.08,Spring_Blast,0,0,0.1739,0
LEAD_003877,23,High,unknown,domestic,234.58,Holiday_Special,0,0,0.1012,0
LEAD_003885,31,Low,radio_ad,domestic,354.19,Q1_Promo,0,0,0.1152,0
LEAD_003897,41,High,unknown,global,82.57,Holiday_Special,0,0,0.0467,0
LEAD_003914,62,Ultra,tv_commercial,regional,267.61,Spring_Blast,0,0,0.1317,0
LEAD_003922,69,Ultra,streaming_commercial,domestic,433.17,Holiday_Special,0,0,0.0803,0
LEAD_003932,50,Low,radio_ad,regional,366.79,Q1_Promo,1,1,0.1968,0
LEAD_003944,21,Low,radio_ad,global,200.37,Q1_Promo,0,0,0.1321,0
LEAD_003949,58,High,website_ad,regional,490.26,Holiday_Special,1,1,0.2106,0
LEAD_003979,34,Ultra,radio_ad,regional,483.19,Spring_Blast,0,0,0.1226,0
LEAD_003993,64,High,tv_commercial,domestic,73.19,Q1_Promo,0,0,0.1859,0
LEAD_004016,29,Low,unknown,domestic,445.66,Spring_Blast,0,0,0.1056,0
LEAD_004025,72,Low,unknown,regional,453.78,Spring_Blast,0,0,0.1431,0
LEAD_004030,55,High,website_ad,regional,294.62,Q1_Promo,0,0,0.2325,0
LEAD_004037,23,Low,tv_commercial,regional,139.54,Q1_Promo,0,0,0.1208,0
LEAD_004038,43,Low,unknown,regional,199.59,Spring_Blast,1,1,0.2794,0
LEAD_004133,54,High,streaming_commercial,regional,86.25,Holiday_Special,0,0,0.1497,0
LEAD_004134,36,Medium,unknown,regional,485.62,Spring_Blast,0,0,0.1538,0
LEAD_004148,58,High,radio_ad,regional,308.9,Holiday_Special,0,0,0.1947,0
LEAD_004152,28,Ultra,tv_commercial,regional,293.58,Q1_Promo,0,0,0.1611,0
LEAD_004161,56,Ultra,website_ad,domestic,179.98,Holiday_Special,0,0,0.1261,0
LEAD_004182,72,High,unknown,domestic,195.34,Spring_Blast,0,0,0.048,0
LEAD_004196,38,Low,unknown,regional,72.56,Spring_Blast,0,0,0.2582,0
LEAD_004204,26,Low,unknown,regional,466.54,Q1_Promo,1,0,0.1474,0
LEAD_004207,47,Ultra,radio_ad,regional,371.66,Q1_Promo,0,0,0.1402,0
LEAD_004211,20,High,radio_ad,global,244.18,Q1_Promo,1,0,0.1488,0
LEAD_004258,69,High,unknown,regional,141.47,Q1_Promo,1,1,0.1967,0
LEAD_004268,22,High,tv_commercial,regional,352.17,Spring_Blast,0,0,0.1158,0
LEAD_004314,66,Ultra,website_ad,global,240.03,Q1_Promo,0,0,0.1746,0
LEAD_004355,36,High,radio_ad,domestic,77.34,Spring_Blast,0,0,0.1636,0
LEAD_004416,44,Low,unknown,domestic,166.1,Holiday_Special,0,0,0.1059,0
LEAD_004448,49,Low,unknown,domestic,143.98,Spring_Blast,0,0,0.11,0
LEAD_004496,57,High,unknown,regional,252.59,Spring_Blast,0,0,0.1724,0
LEAD_004506,28,High,radio_ad,domestic,490.77,Spring_Blast,0,0,0.0581,0
LEAD_004533,48,Low,unknown,regional,156.0,Holiday_Special,0,0,0.1818,0
LEAD_004549,34,High,tv_commercial,regional,330.72,Holiday_Special,1,0,0.1659,0
LEAD_004554,38,Medium,unknown,regional,380.01,Holiday_Special,0,0,0.1549,0
LEAD_004618,23,Ultra,website_ad,global,93.57,Spring_Blast,0,0,0.0806,0
LEAD_004635,35,High,tv_commercial,global,162.01,Holiday_Special,0,0,0.1637,0
LEAD_004659,38,Ultra,streaming_commercial,domestic,150.74,Spring_Blast,0,0,0.1182,0
LEAD_004672,47,High,unknown,global,268.01,Q1_Promo,0,0,0.0885,0
LEAD_004673,26,High,radio_ad,domestic,140.63,Spring_Blast,0,0,0.1361,0
LEAD_004678,29,Ultra,streaming_commercial,domestic,420.67,Holiday_Special,1,0,0.1373,0
LEAD_004712,39,Low,streaming_commercial,global,224.29,Holiday_Special,0,0,0.0689,0
LEAD_004783,33,Ultra,website_ad,regional,273.12,Spring_Blast,0,0,0.1486,0
LEAD_004810,33,High,radio_ad,regional,379.86,Spring_Blast,0,0,0.1778,0
LEAD_004830,39,Low,tv_commercial,regional,436.94,Q1_Promo,1,1,0.148,0
LEAD_004834,46,Ultra,unknown,global,268.71,Holiday_Special,0,0,0.0543,0
LEAD_004891,64,Ultra,website_ad,global,61.87,Holiday_Special,0,0,0.0796,0
LEAD_004904,73,Ultra,website_ad,regional,130.02,Q1_Promo,1,1,0.2183,0
LEAD_004927,47,High,radio_ad,regional,102.32,Q1_Promo,0,0,0.2363,0
LEAD_005016,65,Low,unknown,domestic,82.96,Holiday_Special,0,0,0.079,0
LEAD_005020,44,Ultra,radio_ad,global,237.8,Holiday_Special,1,0,0.1774,0
LEAD_005055,35,Ultra,streaming_commercial,domestic,257.95,Spring_Blast,0,0,0.12,0
LEAD_005059,37,High,radio_ad,domestic,137.28,Holiday_Special,0,0,0.2615,0
LEAD_005105,31,High,radio_ad,regional,465.21,Spring_Blast,0,0,0.1192,0
LEAD_005108,59,Ultra,website_ad,global,436.69,Q1_Promo,0,0,0.1932,0
LEAD_005112,69,Ultra,website_ad,global,494.72,Spring_Blast,0,0,0.0988,0
LEAD_005133,41,High,tv_commercial,domestic,382.59,Holiday_Special,0,0,0.155,0
LEAD_005201,39,Ultra,radio_ad,global,209.67,Holiday_Special,0,0,0.2017,0
LEAD_005205,25,High,unknown,global,55.22,Q1_Promo,0,0,0.1233,0
LEAD_005257,37,Low,tv_commercial,domestic,227.61,Holiday_Special,0,0,0.1383,0
LEAD_005306,30,Ultra,website_ad,global,361.79,Q1_Promo,0,0,0.1387,0
LEAD_005316,48,Ultra,website_ad,domestic,247.9,Q1_Promo,1,0,0.1752,0
LEAD_005323,68,Ultra,unknown,domestic,273.04,Q1_Promo,0,0,0.098,0
LEAD_005334,72,Ultra,radio_ad,regional,241.36,Q1_Promo,0,0,0.172,0
LEAD_005354,45,Ultra,website_ad,regional,245.66,Holiday_Special,1,1,0.1396,0
LEAD_005431,44,High,radio_ad,global,86.23,Spring_Blast,0,0,0.1236,0
LEAD_005469,65,Low,tv_commercial,regional,121.82,Holiday_Special,0,1,0.2256,0
LEAD_005492,62,Low,unknown,regional,99.64,Q1_Promo,0,1,0.1887,0
LEAD_005515,26,High,tv_commercial,regional,136.61,Spring_Blast,0,0,0.1232,0
LEAD_005537,64,Ultra,radio_ad,domestic,438.86,Q1_Promo,0,0,0.1943,0
LEAD_005550,28,High,tv_commercial,regional,142.68,Holiday_Special,1,1,0.1867,0
LEAD_005551,33,Low,unknown,global,416.26,Q1_Promo,0,0,0.0911,0
LEAD_005574,63,Low,tv_commercial,regional,337.99,Spring_Blast,0,1,0.2877,0
LEAD_005693,26,Medium,unknown,regional,175.77,Spring_Blast,0,0,0.1695,0
LEAD_005731,26,Ultra,tv_commercial,global,121.0,Q1_Promo,0,0,0.2166,0
LEAD_005743,45,Ultra,streaming_commercial,regional,411.32,Spring_Blast,0,0,0.1641,0
LEAD_005766,46,High,tv_commercial,regional,199.92,Q1_Promo,1,1,0.2077,0
LEAD_005823,19,High,unknown,domestic,230.45,Spring_Blast,1,0,0.0888,0
LEAD_005844,74,Ultra,unknown,domestic,330.07,Q1_Promo,0,0,0.0897,0
LEAD_005860,46,Ultra,website_ad,regional,377.43,Q1_Promo,0,0,0.1585,0
LEAD_005882,45,Low,unknown,domestic,260.04,Q1_Promo,0,0,0.132,0
LEAD_005942,33,Ultra,streaming_commercial,domestic,459.54,Q1_Promo,0,0,0.1135,0
LEAD_005950,40,Ultra,website_ad,regional,414.31,Holiday_Special,0,0,0.1581,0
LEAD_005988,50,Ultra,website_ad,regional,499.36,Holiday_Special,0,0,0.1613,0
LEAD_006003,65,High,streaming_commercial,regional,310.36,Q1_Promo,0,0,0.1685,0
LEAD_006159,47,Low,unknown,global,374.67,Q1_Promo,0,0,0.0801,0
LEAD_006180,43,High,unknown,regional,481.96,Q1_Promo,0,0,0.1792,0
LEAD_006373,55,Ultra,tv_commercial,regional,441.8,Spring_Blast,0,0,0.1279,0
LEAD_006434,63,Ultra,tv_commercial,regional,108.36,Spring_Blast,0,0,0.1303,0
LEAD_006474,27,Ultra,tv_commercial,regional,340.81,Spring_Blast,0,0,0.1299,0
LEAD_006508,57,Ultra,radio_ad,regional,195.1,Q1_Promo,0,0,0.1723,0
LEAD_006572,63,Ultra,radio_ad,regional,330.58,Q1_Promo,0,0,0.1575,0
LEAD_006611,43,Ultra,website_ad,regional,296.44,Spring_Blast,0,0,0.1751,0
LEAD_006634,67,Ultra,unknown,global,85.73,Q1_Promo,0,0,0.0644,0
LEAD_006683,57,Ultra,website_ad,domestic,388.19,Holiday_Special,0,0,0.1566,0
LEAD_006689,42,High,unknown,regional,104.91,Holiday_Special,0,0,0.1381,0
LEAD_006690,69,Low,unknown,domestic,403.63,Spring_Blast,0,0,0.0842,0
LEAD_006731,48,Ultra,tv_commercial,regional,383.56,Holiday_Special,0,0,0.1144,0
LEAD_006786,66,Low,unknown,regional,228.01,Q1_Promo,0,0,0.1845,0
LEAD_006811,64,Low,unknown,regional,485.43,Q1_Promo,0,0,0.1597,0
LEAD_006929,37,Ultra,radio_ad,regional,241.65,Spring_Blast,0,0,0.1842,0
LEAD_006938,29,High,unknown,domestic,92.77,Holiday_Special,0,0,0.0979,0
LEAD_006977,27,Ultra,radio_ad,domestic,328.23,Spring_Blast,1,0,0.1841,0
LEAD_006979,28,High,unknown,regional,87.24,Spring_Blast,0,0,0.1515,0
LEAD_006995,33,Ultra,unknown,global,158.49,Q1_Promo,0,0,0.1391,0
LEAD_007015,71,Ultra,website_ad,global,280.31,Spring_Blast,0,0,0.0802,0
LEAD_007052,62,Ultra,radio_ad,regional,319.82,Holiday_Special,0,0,0.1177,0
LEAD_007085,36,Ultra,website_ad,global,55.9,Spring_Blast,0,0,0.081,0
LEAD_007122,61,Ultra,tv_commercial,regional,348.28,Holiday_Special,0,0,0.1104,0
LEAD_007157,60,Ultra,streaming_commercial,global,334.54,Spring_Blast,0,0,0.0824,0
LEAD_007182,59,Medium,unknown,regional,129.59,Holiday_Special,0,0,0.118,0
LEAD_007399,25,Medium,unknown,regional,466.63,Q1_Promo,0,0,0.0974,0
LEAD_007428,69,Ultra,unknown,domestic,140.88,Q1_Promo,0,0,0.0903,0
LEAD_007618,63,High,unknown,domestic,403.92,Q1_Promo,1,1,0.2012,0
LEAD_007632,53,Low,unknown,domestic,481.4,Spring_Blast,0,0,0.1002,0
LEAD_007661,47,Ultra,tv_commercial,domestic,395.66,Spring_Blast,0,0,0.1663,0
LEAD_007746,30,High,radio_ad,domestic,122.54,Holiday_Special,1,0,0.2733,0
LEAD_007802,40,Ultra,tv_commercial,domestic,470.92,Holiday_Special,0,0,0.1538,0
LEAD_007955,24,High,unknown,global,434.56,Spring_Blast,0,0,0.0455,0
LEAD_007998,72,High,radio_ad,global,361.33,Holiday_Special,0,0,0.0938,0
LEAD_008073,74,Ultra,radio_ad,domestic,451.73,Q1_Promo,0,0,0.1995,0
LEAD_008093,65,Ultra,unknown,global,105.7,Spring_Blast,0,0,0.0267,0
LEAD_008123,31,High,unknown,regional,228.98,Holiday_Special,0,0,0.1943,0
LEAD_008128,48,Ultra,streaming_commercial,regional,81.64,Holiday_Special,0,0,0.0992,0
LEAD_008139,30,High,tv_commercial,regional,450.86,Holiday_Special,0,0,0.1068,0
LEAD_008179,57,Ultra,tv_commercial,domestic,491.05,Q1_Promo,1,1,0.1839,0
LEAD_008187,59,Ultra,tv_commercial,regional,89.5,Holiday_Special,0,0,0.1013,0
LEAD_008290,44,Medium,unknown,regional,337.41,Spring_Blast,0,0,0.1961,0
LEAD_008307,69,Ultra,radio_ad,regional,296.04,Spring_Blast,0,0,0.1355,0
LEAD_008363,37,High,unknown,domestic,242.5,Q1_Promo,0,0,0.1681,0
LEAD_008421,56,High,unknown,global,351.81,Q1_Promo,0,0,0.0848,0
LEAD_008510,67,Ultra,streaming_commercial,global,272.41,Q1_Promo,0,0,0.1122,0
LEAD_008511,18,Ultra,website_ad,regional,409.41,Holiday_Special,0,0,0.1109,0
LEAD_008586,62,High,unknown,regional,242.23,Holiday_Special,0,0,0.1097,0
LEAD_008635,27,Low,tv_commercial,regional,321.16,Q1_Promo,0,0,0.1347,0
LEAD_008653,67,Ultra,website_ad,domestic,386.5,Q1_Promo,0,0,0.2172,0
LEAD_008663,27,Ultra,streaming_commercial,regional,171.31,Spring_Blast,1,1,0.1561,0
LEAD_008689,70,Ultra,website_ad,domestic,76.46,Spring_Blast,1,0,0.131,0
LEAD_008694,28,Ultra,streaming_commercial,domestic,245.39,Spring_Blast,0,0,0.1157,0
LEAD_008725,26,High,unknown,regional,163.19,Holiday_Special,0,0,0.1823,0
LEAD_008727,32,Low,unknown,domestic,424.19,Holiday_Special,0,0,0.1095,0
LEAD_008746,20,High,unknown,domestic,398.37,Q1_Promo,0,0,0.128,0
LEAD_008936,29,High,tv_commercial,regional,67.92,Q1_Promo,0,0,0.1973,0
LEAD_009079,29,Ultra,radio_ad,global,74.7,Holiday_Special,0,0,0.2339,0
LEAD_009102,45,Ultra,unknown,global,85.87,Holiday_Special,0,0,0.0442,0
LEAD_009198,28,Low,unknown,global,313.98,Q1_Promo,0,0,0.0917,0
LEAD_009294,57,Ultra,streaming_commercial,regional,481.18,Holiday_Special,0,0,0.1399,0
LEAD_009366,22,Low,unknown,global,79.39,Spring_Blast,0,0,0.0568,0
LEAD_009498,56,Ultra,streaming_commercial,regional,281.8,Q1_Promo,0,0,0.1473,0
LEAD_009508,21,Ultra,unknown,global,403.27,Holiday_Special,0,0,0.1114,0
LEAD_009550,64,Ultra,streaming_commercial,regional,227.62,Spring_Blast,0,0,0.1303,0
LEAD_009659,24,Low,unknown,regional,143.5,Spring_Blast,1,1,0.2091,0
LEAD_009667,34,Ultra,website_ad,global,226.82,Q1_Promo,0,0,0.1464,0
LEAD_010010,74,Ultra,streaming_commercial,domestic,151.39,Q1_Promo,0,0,0.0946,0
LEAD_010012,41,Ultra,website_ad,domestic,294.95,Spring_Blast,0,0,0.1179,0
LEAD_010194,19,Ultra,tv_commercial,domestic,58.8,Holiday_Special,0,0,0.1912,0
LEAD_010546,58,Low,unknown,regional,172.07,Q1_Promo,0,1,0.2057,0
LEAD_010816,72,Ultra,unknown,regional,65.48,Q1_Promo,0,0,0.1216,0
LEAD_010843,62,Ultra,website_ad,regional,130.06,Holiday_Special,0,0,0.1238,0
LEAD_011036,21,Ultra,streaming_commercial,global,215.07,Holiday_Special,0,0,0.1171,0
LEAD_011062,59,Ultra,streaming_commercial,regional,386.06,Q1_Promo,0,0,0.1386,0
LEAD_011179,32,Ultra,streaming_commercial,domestic,388.62,Q1_Promo,0,0,0.118,0
LEAD_011289,56,Ultra,radio_ad,regional,464.95,Spring_Blast,0,0,0.1443,0
LEAD_011436,23,Ultra,tv_commercial,global,270.22,Holiday_Special,0,0,0.1994,0
LEAD_011474,37,Ultra,tv_commercial,regional,117.4,Holiday_Special,1,0,0.1385,0
LEAD_011737,51,Ultra,streaming_commercial,regional,338.22,Spring_Blast,0,0,0.1641,0
LEAD_011772,63,Ultra,website_ad,global,367.83,Q1_Promo,0,0,0.1878,0
LEAD_011778,59,High,unknown,regional,431.3,Holiday_Special,0,0,0.1404,0
LEAD_011916,39,High,unknown,regional,430.14,Holiday_Special,0,0,0.1919,0
LEAD_012078,34,High,unknown,regional,103.55,Q1_Promo,0,0,0.2304,0
LEAD_012139,32,Ultra,tv_commercial,global,350.49,Holiday_Special,0,0,0.2243,0
LEAD_012409,22,High,unknown,regional,289.78,Spring_Blast,0,0,0.1519,0
LEAD_012415,65,Ultra,radio_ad,global,217.7,Q1_Promo,0,0,0.1622,0
LEAD_012504,65,High,unknown,regional,159.41,Spring_Blast,0,0,0.1321,0
LEAD_012624,27,Ultra,website_ad,domestic,155.38,Q1_Promo,0,0,0.1655,0
LEAD_012639,73,Low,unknown,regional,285.94,Q1_Promo,0,0,0.1631,0
LEAD_012642,64,Ultra,tv_commercial,regional,313.21,Q1_Promo,0,0,0.1618,0
LEAD_012670,56,Ultra,tv_commercial,global,430.54,Q1_Promo,0,0,0.1946,0
LEAD_012843,66,Ultra,unknown,domestic,310.38,Q1_Promo,0,0,0.106,0
LEAD_012929,38,Ultra,website_ad,regional,247.07,Q1_Promo,0,0,0.164,0
LEAD_013019,29,Ultra,tv_commercial,global,101.18,Q1_Promo,0,0,0.2207,0
LEAD_013038,48,Ultra,radio_ad,domestic,226.98,Holiday_Special,0,0,0.1296,0
LEAD_013201,52,Ultra,streaming_commercial,domestic,346.41,Holiday_Special,0,0,0.1045,0
LEAD_013293,45,Ultra,tv_commercial,regional,116.42,Q1_Promo,0,0,0.1759,0
LEAD_013392,42,Ultra,unknown,domestic,291.04,Spring_Blast,0,0,0.0999,0
LEAD_013396,36,Ultra,streaming_commercial,domestic,133.57,Q1_Promo,0,0,0.1428,0
LEAD_013400,58,Ultra,tv_commercial,regional,150.64,Holiday_Special,0,0,0.1105,0
LEAD_013483,72,Ultra,website_ad,domestic,120.28,Spring_Blast,0,0,0.134,0
LEAD_013547,35,Ultra,website_ad,regional,438.05,Spring_Blast,1,0,0.154,0
LEAD_013559,22,Ultra,radio_ad,domestic,195.15,Spring_Blast,0,0,0.1824,0
LEAD_013582,53,Ultra,unknown,domestic,183.39,Spring_Blast,0,0,0.0711,0
LEAD_013598,21,High,unknown,domestic,113.33,Q1_Promo,1,1,0.2027,0
LEAD_013941,33,Ultra,tv_commercial,global,126.87,Q1_Promo,0,0,0.2275,0
LEAD_014171,44,High,unknown,global,235.88,Spring_Blast,0,0,0.0452,0
LEAD_014260,61,Ultra,radio_ad,global,62.83,Holiday_Special,0,0,0.0964,0
LEAD_014376,48,High,unknown,global,184.07,Q1_Promo,0,0,0.0851,0
LEAD_014703,68,Ultra,streaming_commercial,regional,109.88,Holiday_Special,0,0,0.0798,0
LEAD_014750,40,Ultra,unknown,regional,212.06,Spring_Blast,0,0,0.1468,0
LEAD_014884,42,Ultra,streaming_commercial,regional,359.61,Holiday_Special,0,0,0.142,0
LEAD_014905,70,High,unknown,global,77.5,Spring_Blast,0,0,0.0227,0
LEAD_014981,50,Low,unknown,regional,147.59,Holiday_Special,0,1,0.1736,0
LEAD_015007,46,Ultra,streaming_commercial,domestic,283.14,Spring_Blast,0,0,0.1235,0
LEAD_015222,61,Ultra,streaming_commercial,domestic,379.75,Q1_Promo,0,0,0.1241,0
LEAD_015638,22,Ultra,streaming_commercial,regional,387.7,Spring_Blast,0,0,0.1334,0
LEAD_015769,50,Ultra,tv_commercial,domestic,484.23,Q1_Promo,0,0,0.1774,0
LEAD_015845,40,Ultra,streaming_commercial,global,345.86,Spring_Blast,0,0,0.1059,0
LEAD_016058,38,Ultra,unknown,regional,329.19,Spring_Blast,0,0,0.1498,0
LEAD_016101,34,Ultra,unknown,global,400.23,Holiday_Special,0,0,0.089,0
LEAD_016105,60,Ultra,tv_commercial,regional,278.73,Q1_Promo,0,0,0.1665,0
LEAD_016176,20,Ultra,radio_ad,global,387.8,Q1_Promo,0,0,0.1439,0
LEAD_016180,65,Ultra,website_ad,domestic,212.26,Holiday_Special,0,0,0.1268,0
LEAD_016275,70,Low,unknown,global,484.16,Spring_Blast,1,1,0.0411,0
LEAD_016284,54,Ultra,radio_ad,regional,244.87,Q1_Promo,0,0,0.1613,0
LEAD_016293,30,Ultra,tv_commercial,domestic,497.69,Q1_Promo,0,0,0.116,0
LEAD_016340,66,Ultra,tv_commercial,domestic,238.73,Spring_Blast,0,0,0.1467,0
LEAD_016341,70,Ultra,tv_commercial,regional,319.22,Spring_Blast,0,0,0.1209,0
LEAD_016408,30,High,unknown,domestic,215.72,Holiday_Special,0,0,0.0987,0
LEAD_016458,25,Ultra,streaming_commercial,global,495.36,Spring_Blast,1,1,0.0793,0
LEAD_016510,53,Ultra,website_ad,regional,420.77,Holiday_Special,0,0,0.1624,0
LEAD_016564,55,Ultra,website_ad,regional,160.5,Q1_Promo,0,0,0.2022,0
LEAD_016753,28,Ultra,radio_ad,regional,211.57,Q1_Promo,0,0,0.1856,0
LEAD_016781,31,Ultra,radio_ad,global,147.64,Holiday_Special,1,0,0.2411,0
LEAD_017010,35,Ultra,radio_ad,regional,408.72,Spring_Blast,0,0,0.1368,0
LEAD_017090,74,Ultra,tv_commercial,regional,445.32,Spring_Blast,0,0,0.1308,0
LEAD_017297,35,Ultra,tv_commercial,domestic,386.85,Spring_Blast,0,0,0.1511,0
LEAD_017631,44,Ultra,streaming_commercial,regional,456.74,Holiday_Special,1,0,0.1521,0
LEAD_017773,67,Ultra,tv_commercial,domestic,430.69,Spring_Blast,1,0,0.1658,0
LEAD_017922,71,Ultra,radio_ad,regional,78.68,Q1_Promo,0,0,0.1736,0
LEAD_017995,73,Ultra,streaming_commercial,regional,462.52,Holiday_Special,0,0,0.1086,0
LEAD_018121,65,Ultra,tv_commercial,domestic,108.46,Holiday_Special,0,0,0.0799,0
LEAD_018182,58,Ultra,radio_ad,regional,74.37,Holiday_Special,0,0,0.1131,0
LEAD_018201,73,Ultra,unknown,regional,476.53,Holiday_Special,0,0,0.0665,0
LEAD_018254,52,Ultra,radio_ad,global,311.29,Q1_Promo,0,0,0.1679,0
LEAD_018464,39,Ultra,streaming_commercial,regional,52.18,Holiday_Special,0,0,0.106,0
LEAD_018650,60,Ultra,radio_ad,domestic,163.98,Holiday_Special,0,0,0.1084,0
LEAD_018733,55,High,unknown,regional,478.26,Q1_Promo,0,0,0.1857,0
LEAD_018756,26,Ultra,unknown,domestic,96.86,Q1_Promo,1,1,0.2411,0
LEAD_018795,26,Ultra,streaming_commercial,domestic,303.42,Holiday_Special,0,0,0.1283,0
LEAD_018826,34,Ultra,streaming_commercial,global,425.53,Holiday_Special,0,0,0.1183,0
LEAD_019638,58,Ultra,streaming_commercial,domestic,199.12,Spring_Blast,0,0,0.1114,0
LEAD_019882,69,Ultra,tv_commercial,domestic,113.57,Spring_Blast,0,0,0.1236,0
LEAD_019930,18,Ultra,tv_commercial,regional,295.88,Q1_Promo,1,1,0.1436,0
LEAD_020093,58,Ultra,website_ad,regional,218.61,Spring_Blast,0,0,0.1586,0
LEAD_021212,31,Ultra,streaming_commercial,domestic,90.7,Q1_Promo,1,0,0.1568,0
LEAD_021240,49,High,unknown,regional,475.25,Holiday_Special,0,0,0.1718,0
LEAD_021618,23,Ultra,streaming_commercial,regional,482.01,Holiday_Special,0,0,0.1057,0
LEAD_022392,31,Ultra,unknown,global,472.44,Q1_Promo,1,0,0.179,0
LEAD_022557,25,Ultra,radio_ad,regional,205.21,Q1_Promo,0,0,0.1965,0
LEAD_022687,50,Ultra,radio_ad,regional,414.96,Holiday_Special,1,0,0.1381,0
LEAD_023771,73,Ultra,tv_commercial,regional,371.11,Spring_Blast,0,0,0.1248,0
LEAD_024015,42,Ultra,website_ad,global,330.89,Q1_Promo,0,0,0.1653,0
LEAD_024248,41,Ultra,radio_ad,regional,84.39,Holiday_Special,0,0,0.1583,0
LEAD_024718,44,Ultra,tv_commercial,global,328.77,Spring_Blast,1,1,0.2253,0
LEAD_024767,39,Ultra,unknown,regional,374.84,Spring_Blast,0,0,0.1529,0
LEAD_024905,67,High,unknown,domestic,209.35,Holiday_Special,0,0,0.0558,0
LEAD_024919,71,Ultra,tv_commercial,regional,108.46,Spring_Blast,0,0,0.1182,0
LEAD_024982,46,Ultra,radio_ad,domestic,94.65,Holiday_Special,0,0,0.1624,0
LEAD_026389,70,Ultra,radio_ad,regional,488.98,Spring_Blast,0,0,0.1397,0
LEAD_027062,68,Ultra,radio_ad,regional,249.13,Holiday_Special,0,0,0.1151,0
LEAD_027126,32,Ultra,radio_ad,regional,223.27,Holiday_Special,0,0,0.1532,0
LEAD_028098,20,Ultra,tv_commercial,domestic,156.89,Spring_Blast,0,0,0.1351,0
LEAD_029745,36,Ultra,radio_ad,regional,87.65,Spring_Blast,0,0,0.1666,0
LEAD_030152,51,Ultra,radio_ad,regional,485.87,Spring_Blast,0,0,0.1368,0
LEAD_030989,41,Ultra,streaming_commercial,domestic,266.09,Spring_Blast,0,0,0.122,0
LEAD_031040,43,Ultra,radio_ad,regional,136.39,Q1_Promo,0,0,0.1797,0
LEAD_033223,59,Ultra,unknown,regional,346.05,Spring_Blast,0,0,0.1062,0
LEAD_033701,54,Ultra,streaming_commercial,domestic,283.6,Q1_Promo,0,0,0.1312,0
LEAD_033816,49,Ultra,radio_ad,regional,329.49,Q1_Promo,0,0,0.1462,0
LEAD_034824,62,Ultra,streaming_commercial,domestic,336.1,Holiday_Special,0,0,0.0856,0
LEAD_034893,63,Ultra,unknown,regional,364.27,Spring_Blast,0,0,0.0978,0
LEAD_035246,48,Ultra,unknown,regional,86.65,Q1_Promo,0,0,0.1565,0
LEAD_035560,26,Ultra,radio_ad,domestic,235.48,Q1_Promo,0,0,0.2075,0
LEAD_035945,30,Ultra,radio_ad,global,305.23,Spring_Blast,0,0,0.1773,0
LEAD_035973,39,Ultra,website_ad,global,397.55,Holiday_Special,1,0,0.1483,0
LEAD_036168,72,Ultra,tv_commercial,regional,214.7,Spring_Blast,0,0,0.1204,0
LEAD_037012,43,Ultra,tv_commercial,regional,253.66,Spring_Blast,0,0,0.1595,0
LEAD_037215,18,Ultra,radio_ad,global,113.85,Holiday_Special,1,1,0.2654,0
LEAD_037569,44,Ultra,unknown,regional,101.57,Holiday_Special,0,0,0.0917,0
LEAD_037621,43,Ultra,unknown,domestic,330.94,Q1_Promo,0,0,0.1599,0
LEAD_038249,70,Ultra,unknown,regional,260.7,Q1_Promo,0,0,0.1499,0
LEAD_039540,30,Ultra,unknown,domestic,223.62,Q1_Promo,0,0,0.2008,0
LEAD_039659,40,Ultra,radio_ad,regional,150.27,Spring_Blast,0,0,0.182,0
LEAD_039693,21,Ultra,tv_commercial,regional,368.04,Holiday_Special,0,0,0.1091,0
LEAD_039886,54,Ultra,tv_commercial,regional,288.2,Q1_Promo,0,0,0.1703,0
LEAD_040690,51,Ultra,tv_commercial,regional,236.22,Spring_Blast,0,0,0.1514,0
LEAD_040702,41,Ultra,unknown,regional,52.0,Q1_Promo,0,0,0.1552,0
LEAD_041916,60,Ultra,website_ad,global,64.76,Q1_Promo,0,0,0.1631,0
LEAD_042175,61,Ultra,unknown,regional,125.72,Q1_Promo,0,0,0.1563,0
LEAD_043231,34,Ultra,tv_commercial,regional,453.36,Spring_Blast,0,0,0.1095,0
LEAD_044133,22,Ultra,unknown,regional,441.18,Spring_Blast,0,0,0.1286,0
LEAD_046467,73,Ultra,radio_ad,domestic,180.46,Spring_Blast,0,0,0.1206,0
LEAD_046618,64,Ultra,unknown,regional,302.81,Q1_Promo,1,0,0.159,0
LEAD_047540,24,Ultra,radio_ad,regional,280.74,Q1_Promo,0,0,0.1567,0
LEAD_047933,21,Ultra,radio_ad,global,419.43,Holiday_Special,0,0,0.1686,0
LEAD_048470,38,Ultra,radio_ad,global,154.47,Holiday_Special,0,0,0.2086,0
LEAD_048820,29,Ultra,unknown,regional,165.25,Q1_Promo,0,0,0.1906,0
